active_policy_name,after_object_position_live,budget_remaining_after_selection,budget_selection_reason,candidate_rank_by_ev,candidate_selected_by_budget,case_list_matched,case_list_source,case_list_source_row_idx,decision_confidence,decision_detections_considered,decision_matched_distance,decision_matches_oracle,decision_reason,decision_stale,downstream_task_success,ev_variant,execute_action,execution_boundary,expected_verification_value,found_position_after_revisit,instance_ambiguity_detected,instance_ambiguity_reason,interaction_agent_object_distance,interaction_attempt_mode,interaction_horizon_deg,interaction_object_id_used,interaction_rotation_actions,interaction_target_visible,interaction_used_force_action,interaction_visibility_sweep_used,memory_mutated,memory_new_position,memory_old_position,memory_update_action,memory_update_boundary,memory_update_candidate_location,memory_update_confidence,memory_update_instrumented,memory_update_old_location,memory_update_source,nav_search_positions_probed,nav_search_used,oracle_distance,oracle_reason,oracle_stale_label,p_stale_estimate,policy_reason,policy_should_verify,remembered_location,revisit_action,revisit_navigation_actions,revisit_navigation_failure_reason,revisit_path_steps,revisit_source,row_claim_boundary,row_idx,same_type_density_score,same_type_nearby_count,same_type_scene_total,scene,seed,selection_policy_name,spawn_action,spawn_success,stale_action_cost,target,target_idx,target_object_id,target_openable,target_pickupable,target_visible_after_revisit_sweep,targeted_case_reason,task_bridge_navigation_actions,task_bridge_navigation_failure_reason,task_bridge_navigation_mode,task_bridge_path_steps,task_bridge_used_teleportfull,task_execution_evaluated,task_execution_failure_reason,teleport_success,true_location_offline,uncertainty_inputs,uncertainty_model_name,uncertainty_reason,used_teleportfull_for_revisit,verification_budget,verification_cost,verifier_name,verifier_used,visibility_error,visual_instance_confusion_prior
expected_verification_value_v1,"{'x': 0.7115572690963745, 'y': 0.9569252133369446, 'z': -2.330366849899292}",35,selected_by_expected_verification_value_budget,1,True,True,results/0514_paired_hard_challenge_screen_v1/case_list_paired_hard_challenge_all_qualifying_v1.json,0,1.0,38,0.0855,True,nearest_after_detection_normalized_frame_distance,True,True,calibrated,PickupObject,"stepwise_task_bridge_after_verified_memory_update; uses bounded stepwise navigation before one downstream PickupObject/OpenObject attempt after detector-backed memory refresh; not ObjectNav/SPL, not full navigation, not a manipulation benchmark, not persistent memory writeback, not broad task success",0.77,,False,,0.5816,honest_face_then_pick,60.0,Apple|+00.71|+00.96|-02.33,1,True,False,True,True,"{'x': 0.7115572690963745, 'y': 0.9569252133369446, 'z': -2.330366849899292}","{'x': -0.4651575982570648, 'y': 1.151225209236145, 'z': 0.47575879096984863}",propose_detector_evidence_refresh,controller-backed evidence-guided memory refresh from live revisit detector-verifier evidence; mutated in memory-store snapshot only; not persistent storage; not recovery search; not task success,,1.0,True,FloorPlan1:Apple|-00.47|+01.15|+00.48@before,live_controller_revisit_detector_verifier_evidence,0,False,3.0429,metadata_position_delta_offline_only,True,0.82,target_not_visible_after_revisit_sweep;expected_verification_value_above_threshold,True,FloorPlan1:Apple|-00.47|+01.15|+00.48@before,stepwise_navigation,"['RotateRight', 'RotateRight', 'RotateRight', 'MoveAhead', 'MoveAhead']",,2,nearest_reachable_to_remembered_before_location,"controller-backed closed-loop GSAM stale-memory detection; InitialRandomSpawn occurs live; TeleportFull is a shortcut to remembered before-location and nearby positions for limited nav search; no TeleportObject; oracle metadata is offline labels only; nav search is limited position-hopping, not step-by-step navigation; not full navigation, manipulation, or task success",0,0.0,0,1,FloorPlan1,7,expected_verification_value_budgeted_v1,InitialRandomSpawn,True,1.0,Apple,0,Apple|-00.47|+01.15|+00.48,False,True,False,prior_recorded_false_negative_slice,"['RotateRight', 'RotateRight', 'RotateRight', 'MoveAhead', 'MoveAhead', 'MoveAhead', 'MoveAhead', 'MoveAhead', 'MoveAhead', 'MoveAhead', 'MoveAhead', 'MoveAhead', 'RotateLeft', 'MoveAhead', 'MoveAhead', 'MoveAhead', 'MoveAhead', 'MoveAhead', 'MoveAhead', 'RotateRight', 'MoveAhead', 'RotateLeft', 'MoveAhead', 'RotateRight', 'MoveAhead']",,stepwise_navigation,18,False,True,,True,FloorPlan1:Apple_34d5f204@after,"{'detector_confidence': 0.0, 'depth_consistency': None, 'object_mobility_prior': 0.85, 'time_interval': 1.0, 'task_importance': 1.0, 'historical_failure': 0.0, 'scene_change_score': 1.0, 'target_visible_after_revisit': False, 'visibility_error': 'target_not_visible_after_revisit_sweep', 'distance_from_remembered': None, 'teleport_success': True, 'same_type_density_score': 0.0, 'same_type_nearby_count': 0, 'same_type_scene_total': 1, 'visual_instance_confusion_prior': 0.0}",deterministic_live_revisit_uncertainty_v1,target_not_visible_after_revisit_sweep,False,36,0.05,grounded_sam2,True,target_not_visible_after_revisit_sweep,0.0
expected_verification_value_v1,"{'x': -0.9508417844772339, 'y': 0.47366589307785034, 'z': 5.553868293762207}",16,selected_by_expected_verification_value_budget,20,True,True,results/0514_paired_hard_challenge_screen_v1/case_list_paired_hard_challenge_all_qualifying_v1.json,8,1.0,1,0.3753,True,nearest_after_detection_normalized_frame_distance,True,True,calibrated,PickupObject,"stepwise_task_bridge_after_verified_memory_update; uses bounded stepwise navigation before one downstream PickupObject/OpenObject attempt after detector-backed memory refresh; not ObjectNav/SPL, not full navigation, not a manipulation benchmark, not persistent memory writeback, not broad task success",0.5075,,False,,0.4264,honest_face_then_pick,30.0,Newspaper|-00.95|+00.47|+05.55,1,True,False,True,True,"{'x': -0.9508417844772339, 'y': 0.47366589307785034, 'z': 5.553868293762207}","{'x': -2.7592265605926514, 'y': 0.6819102764129639, 'z': 1.1773196458816528}",propose_detector_evidence_refresh,controller-backed evidence-guided memory refresh from live revisit detector-verifier evidence; mutated in memory-store snapshot only; not persistent storage; not recovery search; not task success,,1.0,True,FloorPlan201:Newspaper|-02.76|+00.68|+01.18@before,live_controller_revisit_detector_verifier_evidence,0,False,4.7354,metadata_position_delta_offline_only,True,0.5575,target_not_visible_after_revisit_sweep;visual_instance_confusion_calibrated;expected_verification_value_above_threshold,True,FloorPlan201:Newspaper|-02.76|+00.68|+01.18@before,stepwise_navigation,"['RotateRight', 'MoveAhead', 'RotateRight', 'MoveAhead', 'MoveAhead', 'RotateLeft', 'MoveAhead', 'RotateRight', 'MoveAhead', 'RotateLeft', 'MoveAhead']",,6,nearest_reachable_to_remembered_before_location,"controller-backed closed-loop GSAM stale-memory detection; InitialRandomSpawn occurs live; TeleportFull is a shortcut to remembered before-location and nearby positions for limited nav search; no TeleportObject; oracle metadata is offline labels only; nav search is limited position-hopping, not step-by-step navigation; not full navigation, manipulation, or task success",1,0.0,0,1,FloorPlan201,7,expected_verification_value_budgeted_v1,InitialRandomSpawn,True,1.0,Newspaper,0,Newspaper|-02.76|+00.68|+01.18,False,True,False,prior_recorded_false_negative_slice,"['MoveAhead', 'MoveAhead', 'MoveAhead', 'MoveAhead', 'MoveAhead', 'MoveAhead', 'MoveAhead', 'MoveAhead', 'MoveAhead', 'MoveAhead', 'MoveAhead', 'RotateRight', 'MoveAhead', 'MoveAhead', 'MoveAhead', 'MoveAhead', 'MoveAhead', 'MoveAhead', 'MoveAhead', 'MoveAhead', 'MoveAhead', 'RotateLeft', 'MoveAhead', 'MoveAhead', 'RotateRight', 'MoveAhead', 'RotateLeft', 'MoveAhead', 'RotateRight', 'MoveAhead', 'RotateLeft', 'MoveAhead']",,stepwise_navigation,26,False,True,,True,FloorPlan201:Newspaper_ed198726@after,"{'detector_confidence': 0.0, 'depth_consistency': None, 'object_mobility_prior': 0.85, 'time_interval': 1.0, 'task_importance': 1.0, 'historical_failure': 0.0, 'scene_change_score': 1.0, 'target_visible_after_revisit': False, 'visibility_error': 'target_not_visible_after_revisit_sweep', 'distance_from_remembered': None, 'teleport_success': True, 'same_type_density_score': 0.0, 'same_type_nearby_count': 0, 'same_type_scene_total': 1, 'visual_instance_confusion_prior': 0.75}",deterministic_live_revisit_uncertainty_v1,target_not_visible_after_revisit_sweep,False,36,0.05,grounded_sam2,True,target_not_visible_after_revisit_sweep,0.75
expected_verification_value_v1,"{'x': -1.8265241384506226, 'y': 1.3283933401107788, 'z': -1.0492291450500488}",29,selected_by_expected_verification_value_budget,7,True,True,results/0514_paired_hard_challenge_screen_v1/case_list_paired_hard_challenge_all_qualifying_v1.json,27,1.0,74,0.0541,True,nearest_after_detection_normalized_frame_distance,True,False,calibrated,PickupObject,"stepwise_task_bridge_after_verified_memory_update; uses bounded stepwise navigation before one downstream PickupObject/OpenObject attempt after detector-backed memory refresh; not ObjectNav/SPL, not full navigation, not a manipulation benchmark, not persistent memory writeback, not broad task success",0.77,,False,,0.828,honest_face_then_pick,30.0,Cup|-01.83|+01.33|-01.05,1,False,False,True,True,"{'x': -1.8265241384506226, 'y': 1.3283933401107788, 'z': -1.0492291450500488}","{'x': 0.6819939613342285, 'y': 1.310182809829712, 'z': -0.9019981026649475}",propose_detector_evidence_refresh,controller-backed evidence-guided memory refresh from live revisit detector-verifier evidence; mutated in memory-store snapshot only; not persistent storage; not recovery search; not task success,,1.0,True,FloorPlan3:Cup|+00.68|+01.31|-00.90@before,live_controller_revisit_detector_verifier_evidence,0,False,2.5128,metadata_position_delta_offline_only,True,0.82,target_not_visible_after_revisit_sweep;expected_verification_value_above_threshold,True,FloorPlan3:Cup|+00.68|+01.31|-00.90@before,stepwise_navigation,"['MoveAhead', 'RotateRight', 'MoveAhead', 'RotateRight', 'MoveAhead', 'RotateLeft', 'MoveAhead', 'MoveAhead', 'MoveAhead', 'RotateRight', 'MoveAhead']",,7,nearest_reachable_to_remembered_before_location,"controller-backed closed-loop GSAM stale-memory detection; InitialRandomSpawn occurs live; TeleportFull is a shortcut to remembered before-location and nearby positions for limited nav search; no TeleportObject; oracle metadata is offline labels only; nav search is limited position-hopping, not step-by-step navigation; not full navigation, manipulation, or task success",2,0.0,0,1,FloorPlan3,11,expected_verification_value_budgeted_v1,InitialRandomSpawn,True,1.0,Cup,0,Cup|+00.68|+01.31|-00.90,False,True,False,prior_recorded_false_negative_slice,"['RotateLeft', 'RotateRight', 'MoveAhead', 'RotateRight', 'MoveAhead', 'RotateLeft', 'MoveAhead', 'RotateRight', 'MoveAhead', 'RotateLeft', 'MoveAhead', 'RotateRight', 'MoveAhead', 'RotateLeft', 'MoveAhead']",,stepwise_navigation,7,False,True,NullReferenceException: Target object not found within the specified visibility.,True,FloorPlan3:Cup_67148623@after,"{'detector_confidence': 0.0, 'depth_consistency': None, 'object_mobility_prior': 0.85, 'time_interval': 1.0, 'task_importance': 1.0, 'historical_failure': 0.0, 'scene_change_score': 1.0, 'target_visible_after_revisit': False, 'visibility_error': 'target_not_visible_after_revisit_sweep', 'distance_from_remembered': None, 'teleport_success': True, 'same_type_density_score': 0.0, 'same_type_nearby_count': 0, 'same_type_scene_total': 1, 'visual_instance_confusion_prior': 0.0}",deterministic_live_revisit_uncertainty_v1,target_not_visible_after_revisit_sweep,False,36,0.05,grounded_sam2,True,target_not_visible_after_revisit_sweep,0.0
expected_verification_value_v1,"{'x': -2.3260958194732666, 'y': 0.6103488206863403, 'z': 4.689019203186035}",15,selected_by_expected_verification_value_budget,21,True,True,results/0514_paired_hard_challenge_screen_v1/case_list_paired_hard_challenge_all_qualifying_v1.json,9,1.0,1,0.3753,True,nearest_after_detection_normalized_frame_distance,True,True,calibrated,PickupObject,"stepwise_task_bridge_after_verified_memory_update; uses bounded stepwise navigation before one downstream PickupObject/OpenObject attempt after detector-backed memory refresh; not ObjectNav/SPL, not full navigation, not a manipulation benchmark, not persistent memory writeback, not broad task success",0.5075,,False,,0.4456,honest_face_then_pick,45.0,Newspaper|-02.33|+00.61|+04.69,0,True,False,True,True,"{'x': -2.3260958194732666, 'y': 0.6103488206863403, 'z': 4.689019203186035}","{'x': -2.7592265605926514, 'y': 0.681910514831543, 'z': 1.1773200035095215}",propose_detector_evidence_refresh,controller-backed evidence-guided memory refresh from live revisit detector-verifier evidence; mutated in memory-store snapshot only; not persistent storage; not recovery search; not task success,,1.0,True,FloorPlan201:Newspaper|-02.76|+00.68|+01.18@before,live_controller_revisit_detector_verifier_evidence,0,False,3.5383,metadata_position_delta_offline_only,True,0.5575,target_not_visible_after_revisit_sweep;visual_instance_confusion_calibrated;expected_verification_value_above_threshold,True,FloorPlan201:Newspaper|-02.76|+00.68|+01.18@before,stepwise_navigation,"['RotateRight', 'MoveAhead', 'RotateRight', 'MoveAhead', 'MoveAhead', 'RotateLeft', 'MoveAhead', 'RotateRight', 'MoveAhead', 'RotateLeft', 'MoveAhead']",,6,nearest_reachable_to_remembered_before_location,"controller-backed closed-loop GSAM stale-memory detection; InitialRandomSpawn occurs live; TeleportFull is a shortcut to remembered before-location and nearby positions for limited nav search; no TeleportObject; oracle metadata is offline labels only; nav search is limited position-hopping, not step-by-step navigation; not full navigation, manipulation, or task success",3,0.0,0,1,FloorPlan201,11,expected_verification_value_budgeted_v1,InitialRandomSpawn,True,1.0,Newspaper,0,Newspaper|-02.76|+00.68|+01.18,False,True,False,prior_recorded_false_negative_slice,"['MoveAhead', 'MoveAhead', 'MoveAhead', 'MoveAhead', 'MoveAhead', 'MoveAhead', 'MoveAhead', 'MoveAhead', 'MoveAhead', 'MoveAhead', 'MoveAhead', 'RotateRight', 'MoveAhead', 'MoveAhead', 'MoveAhead', 'MoveAhead', 'MoveAhead', 'MoveAhead', 'MoveAhead']",,stepwise_navigation,18,False,True,,True,FloorPlan201:Newspaper_ed198726@after,"{'detector_confidence': 0.0, 'depth_consistency': None, 'object_mobility_prior': 0.85, 'time_interval': 1.0, 'task_importance': 1.0, 'historical_failure': 0.0, 'scene_change_score': 1.0, 'target_visible_after_revisit': False, 'visibility_error': 'target_not_visible_after_revisit_sweep', 'distance_from_remembered': None, 'teleport_success': True, 'same_type_density_score': 0.0, 'same_type_nearby_count': 0, 'same_type_scene_total': 1, 'visual_instance_confusion_prior': 0.75}",deterministic_live_revisit_uncertainty_v1,target_not_visible_after_revisit_sweep,False,36,0.05,grounded_sam2,True,target_not_visible_after_revisit_sweep,0.75
expected_verification_value_v1,"{'x': -0.3354904055595398, 'y': 1.1071525812149048, 'z': -0.7593218088150024}",18,selected_by_expected_verification_value_budget,18,True,True,results/0514_paired_hard_challenge_screen_v1/case_list_paired_hard_challenge_all_qualifying_v1.json,6,1.0,12,0.0369,False,nearest_after_detection_normalized_frame_distance,False,,calibrated,not_executed,verification_only_no_downstream_action,0.56,,False,,,,,,0,,,,False,,,none,controller-backed evidence-guided memory refresh from live revisit detector-verifier evidence; mutated in memory-store snapshot only; not persistent storage; not recovery search; not task success,,1.0,True,FloorPlan1:Book|+00.15|+01.10|+00.62@before,verified_fresh_or_no_stale_detector_evidence,0,False,1.4611,metadata_position_delta_offline_only,True,0.61,target_not_visible_after_revisit_sweep;visual_instance_confusion_calibrated;expected_verification_value_above_threshold,True,FloorPlan1:Book|+00.15|+01.10|+00.62@before,stepwise_navigation,"['MoveAhead', 'RotateRight', 'MoveAhead', 'RotateRight', 'MoveAhead', 'MoveAhead', 'MoveAhead', 'MoveAhead', 'MoveAhead', 'MoveAhead']",,8,nearest_reachable_to_remembered_before_location,"controller-backed closed-loop GSAM stale-memory detection; InitialRandomSpawn occurs live; TeleportFull is a shortcut to remembered before-location and nearby positions for limited nav search; no TeleportObject; oracle metadata is offline labels only; nav search is limited position-hopping, not step-by-step navigation; not full navigation, manipulation, or task success",4,0.0,0,1,FloorPlan1,17,expected_verification_value_budgeted_v1,InitialRandomSpawn,True,1.0,Book,1,Book|+00.15|+01.10|+00.62,True,True,False,prior_recorded_false_negative_slice,[],,not_executed,0,,False,,True,FloorPlan1:Book_3d15d052@after,"{'detector_confidence': 0.0, 'depth_consistency': None, 'object_mobility_prior': 0.85, 'time_interval': 1.0, 'task_importance': 1.0, 'historical_failure': 0.0, 'scene_change_score': 1.0, 'target_visible_after_revisit': False, 'visibility_error': 'target_not_visible_after_revisit_sweep', 'distance_from_remembered': None, 'teleport_success': True, 'same_type_density_score': 0.0, 'same_type_nearby_count': 0, 'same_type_scene_total': 1, 'visual_instance_confusion_prior': 0.6}",deterministic_live_revisit_uncertainty_v1,target_not_visible_after_revisit_sweep,False,36,0.05,grounded_sam2,True,target_not_visible_after_revisit_sweep,0.6
expected_verification_value_v1,"{'x': 0.9756625890731812, 'y': 1.2251110076904297, 'z': 1.193562626838684}",28,selected_by_expected_verification_value_budget,8,True,True,results/0514_paired_hard_challenge_screen_v1/case_list_paired_hard_challenge_all_qualifying_v1.json,28,1.0,74,0.0541,True,nearest_after_detection_normalized_frame_distance,True,False,calibrated,PickupObject,"stepwise_task_bridge_after_verified_memory_update; uses bounded stepwise navigation before one downstream PickupObject/OpenObject attempt after detector-backed memory refresh; not ObjectNav/SPL, not full navigation, not a manipulation benchmark, not persistent memory writeback, not broad task success",0.77,,False,,0.7279,honest_face_then_pick,30.0,Cup|+00.98|+01.23|+01.19,0,False,False,True,True,"{'x': 0.9756625890731812, 'y': 1.2251110076904297, 'z': 1.193562626838684}","{'x': 0.6819939017295837, 'y': 1.310182809829712, 'z': -0.9019981026649475}",propose_detector_evidence_refresh,controller-backed evidence-guided memory refresh from live revisit detector-verifier evidence; mutated in memory-store snapshot only; not persistent storage; not recovery search; not task success,,1.0,True,FloorPlan3:Cup|+00.68|+01.31|-00.90@before,live_controller_revisit_detector_verifier_evidence,0,False,2.116,metadata_position_delta_offline_only,True,0.82,target_not_visible_after_revisit_sweep;expected_verification_value_above_threshold,True,FloorPlan3:Cup|+00.68|+01.31|-00.90@before,stepwise_navigation,"['MoveAhead', 'RotateRight', 'MoveAhead', 'RotateRight', 'MoveAhead', 'RotateLeft', 'MoveAhead', 'MoveAhead', 'MoveAhead', 'RotateRight', 'MoveAhead']",,7,nearest_reachable_to_remembered_before_location,"controller-backed closed-loop GSAM stale-memory detection; InitialRandomSpawn occurs live; TeleportFull is a shortcut to remembered before-location and nearby positions for limited nav search; no TeleportObject; oracle metadata is offline labels only; nav search is limited position-hopping, not step-by-step navigation; not full navigation, manipulation, or task success",5,0.0,0,1,FloorPlan3,17,expected_verification_value_budgeted_v1,InitialRandomSpawn,True,1.0,Cup,0,Cup|+00.68|+01.31|-00.90,False,True,False,prior_recorded_false_negative_slice,"['MoveAhead', 'RotateRight', 'MoveAhead', 'RotateRight', 'MoveAhead', 'RotateLeft', 'MoveAhead', 'MoveAhead', 'MoveAhead', 'MoveAhead', 'MoveAhead', 'MoveAhead', 'MoveAhead', 'MoveAhead', 'MoveAhead', 'MoveAhead', 'RotateRight', 'MoveAhead', 'RotateLeft', 'MoveAhead']",,stepwise_navigation,15,False,True,NullReferenceException: Target object not found within the specified visibility.,True,FloorPlan3:Cup_67148623@after,"{'detector_confidence': 0.0, 'depth_consistency': None, 'object_mobility_prior': 0.85, 'time_interval': 1.0, 'task_importance': 1.0, 'historical_failure': 0.0, 'scene_change_score': 1.0, 'target_visible_after_revisit': False, 'visibility_error': 'target_not_visible_after_revisit_sweep', 'distance_from_remembered': None, 'teleport_success': True, 'same_type_density_score': 0.0, 'same_type_nearby_count': 0, 'same_type_scene_total': 1, 'visual_instance_confusion_prior': 0.0}",deterministic_live_revisit_uncertainty_v1,target_not_visible_after_revisit_sweep,False,36,0.05,grounded_sam2,True,target_not_visible_after_revisit_sweep,0.0
expected_verification_value_v1,"{'x': -2.2486486434936523, 'y': 0.6103491187095642, 'z': 5.155003547668457}",14,selected_by_expected_verification_value_budget,22,True,True,results/0514_paired_hard_challenge_screen_v1/case_list_paired_hard_challenge_all_qualifying_v1.json,10,1.0,1,0.3753,True,nearest_after_detection_normalized_frame_distance,True,True,calibrated,PickupObject,"stepwise_task_bridge_after_verified_memory_update; uses bounded stepwise navigation before one downstream PickupObject/OpenObject attempt after detector-backed memory refresh; not ObjectNav/SPL, not full navigation, not a manipulation benchmark, not persistent memory writeback, not broad task success",0.5075,,False,,0.345,honest_face_then_pick,45.0,Newspaper|-02.25|+00.61|+05.16,2,True,False,True,True,"{'x': -2.2486486434936523, 'y': 0.6103491187095642, 'z': 5.155003547668457}","{'x': -2.7592265605926514, 'y': 0.681910514831543, 'z': 1.1773200035095215}",propose_detector_evidence_refresh,controller-backed evidence-guided memory refresh from live revisit detector-verifier evidence; mutated in memory-store snapshot only; not persistent storage; not recovery search; not task success,,1.0,True,FloorPlan201:Newspaper|-02.76|+00.68|+01.18@before,live_controller_revisit_detector_verifier_evidence,0,False,4.0103,metadata_position_delta_offline_only,True,0.5575,target_not_visible_after_revisit_sweep;visual_instance_confusion_calibrated;expected_verification_value_above_threshold,True,FloorPlan201:Newspaper|-02.76|+00.68|+01.18@before,stepwise_navigation,"['RotateRight', 'MoveAhead', 'RotateRight', 'MoveAhead', 'MoveAhead', 'RotateLeft', 'MoveAhead', 'RotateRight', 'MoveAhead', 'RotateLeft', 'MoveAhead']",,6,nearest_reachable_to_remembered_before_location,"controller-backed closed-loop GSAM stale-memory detection; InitialRandomSpawn occurs live; TeleportFull is a shortcut to remembered before-location and nearby positions for limited nav search; no TeleportObject; oracle metadata is offline labels only; nav search is limited position-hopping, not step-by-step navigation; not full navigation, manipulation, or task success",6,0.0,0,1,FloorPlan201,17,expected_verification_value_budgeted_v1,InitialRandomSpawn,True,1.0,Newspaper,0,Newspaper|-02.76|+00.68|+01.18,False,True,False,prior_recorded_false_negative_slice,"['MoveAhead', 'MoveAhead', 'MoveAhead', 'MoveAhead', 'MoveAhead', 'MoveAhead', 'MoveAhead', 'MoveAhead', 'MoveAhead', 'MoveAhead', 'MoveAhead', 'RotateRight', 'MoveAhead', 'MoveAhead', 'MoveAhead', 'RotateLeft', 'MoveAhead', 'RotateRight', 'MoveAhead', 'RotateLeft', 'MoveAhead', 'MoveAhead', 'MoveAhead', 'MoveAhead', 'RotateRight', 'MoveAhead', 'MoveAhead', 'MoveAhead']",,stepwise_navigation,23,False,True,,True,FloorPlan201:Newspaper_ed198726@after,"{'detector_confidence': 0.0, 'depth_consistency': None, 'object_mobility_prior': 0.85, 'time_interval': 1.0, 'task_importance': 1.0, 'historical_failure': 0.0, 'scene_change_score': 1.0, 'target_visible_after_revisit': False, 'visibility_error': 'target_not_visible_after_revisit_sweep', 'distance_from_remembered': None, 'teleport_success': True, 'same_type_density_score': 0.0, 'same_type_nearby_count': 0, 'same_type_scene_total': 1, 'visual_instance_confusion_prior': 0.75}",deterministic_live_revisit_uncertainty_v1,target_not_visible_after_revisit_sweep,False,36,0.05,grounded_sam2,True,target_not_visible_after_revisit_sweep,0.75
expected_verification_value_v1,"{'x': -2.3260955810546875, 'y': 0.6118692755699158, 'z': 4.7666826248168945}",6,selected_by_expected_verification_value_budget,30,True,True,results/0514_paired_hard_challenge_screen_v1/case_list_paired_hard_challenge_all_qualifying_v1.json,18,0.0,0,,True,no_matching_detection,True,True,calibrated,PickupObject,"stepwise_task_bridge_after_verified_memory_update; uses bounded stepwise navigation before one downstream PickupObject/OpenObject attempt after detector-backed memory refresh; not ObjectNav/SPL, not full navigation, not a manipulation benchmark, not persistent memory writeback, not broad task success",0.2925,,False,,0.5223,honest_face_then_pick,60.0,Pencil|-02.33|+00.61|+04.77,0,True,False,True,True,"{'x': -2.3260955810546875, 'y': 0.6118692755699158, 'z': 4.7666826248168945}","{'x': -2.831773519515991, 'y': 0.6845982074737549, 'z': 1.5094934701919556}",propose_detector_evidence_refresh,controller-backed evidence-guided memory refresh from live revisit detector-verifier evidence; mutated in memory-store snapshot only; not persistent storage; not recovery search; not task success,,0.0,True,FloorPlan201:Pencil|-02.83|+00.68|+01.51@before,live_controller_revisit_detector_verifier_evidence,0,False,3.2962,metadata_position_delta_offline_only,True,0.3425,revisit_failed_visibility_uninformative;visual_instance_confusion_calibrated;expected_verification_value_above_threshold,True,FloorPlan201:Pencil|-02.83|+00.68|+01.51@before,stepwise_navigation,"['RotateRight', 'RotateRight', 'RotateRight', 'MoveAhead']",collision_stuck,1,nearest_reachable_to_remembered_before_location,"controller-backed closed-loop GSAM stale-memory detection; InitialRandomSpawn occurs live; TeleportFull is a shortcut to remembered before-location and nearby positions for limited nav search; no TeleportObject; oracle metadata is offline labels only; nav search is limited position-hopping, not step-by-step navigation; not full navigation, manipulation, or task success",7,0.0,0,1,FloorPlan201,17,expected_verification_value_budgeted_v1,InitialRandomSpawn,True,1.0,Pencil,1,Pencil|-02.83|+00.68|+01.51,False,True,False,prior_recorded_false_negative_slice,"['MoveAhead', 'MoveAhead', 'MoveAhead', 'MoveAhead', 'MoveAhead', 'MoveAhead', 'MoveAhead', 'MoveAhead', 'MoveAhead', 'MoveAhead', 'MoveAhead', 'RotateRight', 'MoveAhead', 'MoveAhead', 'MoveAhead', 'MoveAhead', 'MoveAhead', 'MoveAhead', 'MoveAhead']",,stepwise_navigation,18,False,True,,False,FloorPlan201:Pencil_b282d60f@after,"{'detector_confidence': 0.0, 'depth_consistency': None, 'object_mobility_prior': 0.85, 'time_interval': 1.0, 'task_importance': 1.0, 'historical_failure': 0.0, 'scene_change_score': 1.0, 'target_visible_after_revisit': False, 'visibility_error': 'target_not_visible_after_revisit_sweep', 'distance_from_remembered': None, 'teleport_success': False, 'same_type_density_score': 0.0, 'same_type_nearby_count': 0, 'same_type_scene_total': 1, 'visual_instance_confusion_prior': 0.45}",deterministic_live_revisit_uncertainty_v1,revisit_failed_visibility_uninformative,False,36,0.05,grounded_sam2,True,target_not_visible_after_revisit_sweep,0.45
expected_verification_value_v1,"{'x': -1.9081000089645386, 'y': 0.8159813284873962, 'z': -1.5012340545654297}",34,selected_by_expected_verification_value_budget,2,True,True,results/0514_paired_hard_challenge_screen_v1/case_list_paired_hard_challenge_all_qualifying_v1.json,1,1.0,38,0.0855,True,nearest_after_detection_normalized_frame_distance,True,True,calibrated,PickupObject,"stepwise_task_bridge_after_verified_memory_update; uses bounded stepwise navigation before one downstream PickupObject/OpenObject attempt after detector-backed memory refresh; not ObjectNav/SPL, not full navigation, not a manipulation benchmark, not persistent memory writeback, not broad task success",0.77,,False,,0.6581,honest_face_then_pick,60.0,Apple|-01.91|+00.82|-01.50,0,True,False,True,True,"{'x': -1.9081000089645386, 'y': 0.8159813284873962, 'z': -1.5012340545654297}","{'x': -0.4651568830013275, 'y': 1.151225209236145, 'z': 0.4757551848888397}",propose_detector_evidence_refresh,controller-backed evidence-guided memory refresh from live revisit detector-verifier evidence; mutated in memory-store snapshot only; not persistent storage; not recovery search; not task success,,1.0,True,FloorPlan1:Apple|-00.47|+01.15|+00.48@before,live_controller_revisit_detector_verifier_evidence,0,False,2.4476,metadata_position_delta_offline_only,True,0.82,target_not_visible_after_revisit_sweep;expected_verification_value_above_threshold,True,FloorPlan1:Apple|-00.47|+01.15|+00.48@before,stepwise_navigation,"['RotateRight', 'RotateRight', 'RotateRight', 'MoveAhead', 'MoveAhead']",,2,nearest_reachable_to_remembered_before_location,"controller-backed closed-loop GSAM stale-memory detection; InitialRandomSpawn occurs live; TeleportFull is a shortcut to remembered before-location and nearby positions for limited nav search; no TeleportObject; oracle metadata is offline labels only; nav search is limited position-hopping, not step-by-step navigation; not full navigation, manipulation, or task success",8,0.0,0,1,FloorPlan1,23,expected_verification_value_budgeted_v1,InitialRandomSpawn,True,1.0,Apple,0,Apple|-00.47|+01.15|+00.48,False,True,False,prior_recorded_false_negative_slice,"['RotateRight', 'RotateRight', 'RotateRight', 'MoveAhead', 'MoveAhead', 'MoveAhead', 'MoveAhead', 'MoveAhead', 'MoveAhead', 'MoveAhead', 'MoveAhead', 'MoveAhead', 'RotateRight', 'MoveAhead', 'RotateLeft', 'MoveAhead']",,stepwise_navigation,11,False,True,,True,FloorPlan1:Apple_34d5f204@after,"{'detector_confidence': 0.0, 'depth_consistency': None, 'object_mobility_prior': 0.85, 'time_interval': 1.0, 'task_importance': 1.0, 'historical_failure': 0.0, 'scene_change_score': 1.0, 'target_visible_after_revisit': False, 'visibility_error': 'target_not_visible_after_revisit_sweep', 'distance_from_remembered': None, 'teleport_success': True, 'same_type_density_score': 0.0, 'same_type_nearby_count': 0, 'same_type_scene_total': 1, 'visual_instance_confusion_prior': 0.0}",deterministic_live_revisit_uncertainty_v1,target_not_visible_after_revisit_sweep,False,36,0.05,grounded_sam2,True,target_not_visible_after_revisit_sweep,0.0
expected_verification_value_v1,"{'x': -1.9545440673828125, 'y': 1.046301245689392, 'z': -0.6334444284439087}",27,selected_by_expected_verification_value_budget,9,True,True,results/0514_paired_hard_challenge_screen_v1/case_list_paired_hard_challenge_all_qualifying_v1.json,29,1.0,74,0.0541,True,nearest_after_detection_normalized_frame_distance,True,False,calibrated,PickupObject,"stepwise_task_bridge_after_verified_memory_update; uses bounded stepwise navigation before one downstream PickupObject/OpenObject attempt after detector-backed memory refresh; not ObjectNav/SPL, not full navigation, not a manipulation benchmark, not persistent memory writeback, not broad task success",0.77,,False,,0.9616,honest_face_then_pick,30.0,Cup|-01.95|+01.05|-00.63,1,False,False,True,True,"{'x': -1.9545440673828125, 'y': 1.046301245689392, 'z': -0.6334444284439087}","{'x': 0.6819939017295837, 'y': 1.310182809829712, 'z': -0.9019981026649475}",propose_detector_evidence_refresh,controller-backed evidence-guided memory refresh from live revisit detector-verifier evidence; mutated in memory-store snapshot only; not persistent storage; not recovery search; not task success,,1.0,True,FloorPlan3:Cup|+00.68|+01.31|-00.90@before,live_controller_revisit_detector_verifier_evidence,0,False,2.6502,metadata_position_delta_offline_only,True,0.82,target_not_visible_after_revisit_sweep;expected_verification_value_above_threshold,True,FloorPlan3:Cup|+00.68|+01.31|-00.90@before,stepwise_navigation,"['MoveAhead', 'RotateRight', 'MoveAhead', 'RotateRight', 'MoveAhead', 'RotateLeft', 'MoveAhead', 'MoveAhead', 'MoveAhead', 'RotateRight', 'MoveAhead']",,7,nearest_reachable_to_remembered_before_location,"controller-backed closed-loop GSAM stale-memory detection; InitialRandomSpawn occurs live; TeleportFull is a shortcut to remembered before-location and nearby positions for limited nav search; no TeleportObject; oracle metadata is offline labels only; nav search is limited position-hopping, not step-by-step navigation; not full navigation, manipulation, or task success",9,0.0,0,1,FloorPlan3,23,expected_verification_value_budgeted_v1,InitialRandomSpawn,True,1.0,Cup,0,Cup|+00.68|+01.31|-00.90,False,True,False,prior_recorded_false_negative_slice,"['MoveAhead', 'RotateRight', 'MoveAhead', 'RotateRight', 'MoveAhead', 'RotateRight', 'RotateRight', 'MoveAhead', 'RotateRight', 'MoveAhead', 'RotateLeft', 'MoveAhead', 'RotateRight', 'MoveAhead', 'RotateLeft', 'MoveAhead', 'RotateRight', 'MoveAhead', 'RotateLeft', 'MoveAhead']",,stepwise_navigation,10,False,True,NullReferenceException: Target object not found within the specified visibility.,True,FloorPlan3:Cup_67148623@after,"{'detector_confidence': 0.0, 'depth_consistency': None, 'object_mobility_prior': 0.85, 'time_interval': 1.0, 'task_importance': 1.0, 'historical_failure': 0.0, 'scene_change_score': 1.0, 'target_visible_after_revisit': False, 'visibility_error': 'target_not_visible_after_revisit_sweep', 'distance_from_remembered': None, 'teleport_success': True, 'same_type_density_score': 0.0, 'same_type_nearby_count': 0, 'same_type_scene_total': 1, 'visual_instance_confusion_prior': 0.0}",deterministic_live_revisit_uncertainty_v1,target_not_visible_after_revisit_sweep,False,36,0.05,grounded_sam2,True,target_not_visible_after_revisit_sweep,0.0
expected_verification_value_v1,"{'x': -2.4025700092315674, 'y': 0.35650137066841125, 'z': 4.999701023101807}",13,selected_by_expected_verification_value_budget,23,True,True,results/0514_paired_hard_challenge_screen_v1/case_list_paired_hard_challenge_all_qualifying_v1.json,11,1.0,1,0.3753,True,nearest_after_detection_normalized_frame_distance,True,False,calibrated,PickupObject,"stepwise_task_bridge_after_verified_memory_update; uses bounded stepwise navigation before one downstream PickupObject/OpenObject attempt after detector-backed memory refresh; not ObjectNav/SPL, not full navigation, not a manipulation benchmark, not persistent memory writeback, not broad task success",0.5075,,False,,0.5097,honest_face_then_pick,45.0,Newspaper|-02.40|+00.36|+05.00,2,True,False,True,True,"{'x': -2.4025700092315674, 'y': 0.35650137066841125, 'z': 4.999701023101807}","{'x': -2.7592267990112305, 'y': 0.6819102764129639, 'z': 1.1773200035095215}",propose_detector_evidence_refresh,controller-backed evidence-guided memory refresh from live revisit detector-verifier evidence; mutated in memory-store snapshot only; not persistent storage; not recovery search; not task success,,1.0,True,FloorPlan201:Newspaper|-02.76|+00.68|+01.18@before,live_controller_revisit_detector_verifier_evidence,0,False,3.839,metadata_position_delta_offline_only,True,0.5575,target_not_visible_after_revisit_sweep;visual_instance_confusion_calibrated;expected_verification_value_above_threshold,True,FloorPlan201:Newspaper|-02.76|+00.68|+01.18@before,stepwise_navigation,"['RotateRight', 'MoveAhead', 'RotateRight', 'MoveAhead', 'MoveAhead', 'RotateLeft', 'MoveAhead', 'RotateRight', 'MoveAhead', 'RotateLeft', 'MoveAhead']",,6,nearest_reachable_to_remembered_before_location,"controller-backed closed-loop GSAM stale-memory detection; InitialRandomSpawn occurs live; TeleportFull is a shortcut to remembered before-location and nearby positions for limited nav search; no TeleportObject; oracle metadata is offline labels only; nav search is limited position-hopping, not step-by-step navigation; not full navigation, manipulation, or task success",10,0.0,0,1,FloorPlan201,23,expected_verification_value_budgeted_v1,InitialRandomSpawn,True,1.0,Newspaper,0,Newspaper|-02.76|+00.68|+01.18,False,True,False,prior_recorded_false_negative_slice,"['MoveAhead', 'MoveAhead', 'MoveAhead', 'MoveAhead', 'MoveAhead', 'MoveAhead', 'MoveAhead', 'MoveAhead', 'MoveAhead', 'MoveAhead', 'MoveAhead', 'RotateRight', 'MoveAhead', 'MoveAhead', 'RotateLeft', 'MoveAhead', 'RotateRight', 'MoveAhead', 'RotateLeft', 'MoveAhead', 'RotateRight', 'MoveAhead', 'RotateLeft', 'MoveAhead', 'MoveAhead', 'MoveAhead', 'RotateRight', 'MoveAhead', 'MoveAhead']",,stepwise_navigation,22,False,True,NullReferenceException: Target object is visible but not interactable. It is likely obstructed by some clear object like glass.,True,FloorPlan201:Newspaper_ed198726@after,"{'detector_confidence': 0.0, 'depth_consistency': None, 'object_mobility_prior': 0.85, 'time_interval': 1.0, 'task_importance': 1.0, 'historical_failure': 0.0, 'scene_change_score': 1.0, 'target_visible_after_revisit': False, 'visibility_error': 'target_not_visible_after_revisit_sweep', 'distance_from_remembered': None, 'teleport_success': True, 'same_type_density_score': 0.0, 'same_type_nearby_count': 0, 'same_type_scene_total': 1, 'visual_instance_confusion_prior': 0.75}",deterministic_live_revisit_uncertainty_v1,target_not_visible_after_revisit_sweep,False,36,0.05,grounded_sam2,True,target_not_visible_after_revisit_sweep,0.75
expected_verification_value_v1,"{'x': -1.1083507537841797, 'y': 0.4751918315887451, 'z': 6.022061824798584}",5,selected_by_expected_verification_value_budget,31,True,True,results/0514_paired_hard_challenge_screen_v1/case_list_paired_hard_challenge_all_qualifying_v1.json,19,0.0,0,,True,no_matching_detection,True,True,calibrated,PickupObject,"stepwise_task_bridge_after_verified_memory_update; uses bounded stepwise navigation before one downstream PickupObject/OpenObject attempt after detector-backed memory refresh; not ObjectNav/SPL, not full navigation, not a manipulation benchmark, not persistent memory writeback, not broad task success",0.2925,,False,,0.6526,honest_face_then_pick,30.0,Pencil|-01.11|+00.48|+06.02,1,True,False,True,True,"{'x': -1.1083507537841797, 'y': 0.4751918315887451, 'z': 6.022061824798584}","{'x': -2.831773519515991, 'y': 0.6845980286598206, 'z': 1.5094935894012451}",propose_detector_evidence_refresh,controller-backed evidence-guided memory refresh from live revisit detector-verifier evidence; mutated in memory-store snapshot only; not persistent storage; not recovery search; not task success,,0.0,True,FloorPlan201:Pencil|-02.83|+00.68|+01.51@before,live_controller_revisit_detector_verifier_evidence,0,False,4.8305,metadata_position_delta_offline_only,True,0.3425,revisit_failed_visibility_uninformative;visual_instance_confusion_calibrated;expected_verification_value_above_threshold,True,FloorPlan201:Pencil|-02.83|+00.68|+01.51@before,stepwise_navigation,"['RotateRight', 'RotateRight', 'RotateRight', 'MoveAhead']",collision_stuck,1,nearest_reachable_to_remembered_before_location,"controller-backed closed-loop GSAM stale-memory detection; InitialRandomSpawn occurs live; TeleportFull is a shortcut to remembered before-location and nearby positions for limited nav search; no TeleportObject; oracle metadata is offline labels only; nav search is limited position-hopping, not step-by-step navigation; not full navigation, manipulation, or task success",11,0.0,0,1,FloorPlan201,23,expected_verification_value_budgeted_v1,InitialRandomSpawn,True,1.0,Pencil,1,Pencil|-02.83|+00.68|+01.51,False,True,False,prior_recorded_false_negative_slice,"['MoveAhead', 'MoveAhead', 'MoveAhead', 'MoveAhead', 'MoveAhead', 'MoveAhead', 'MoveAhead', 'MoveAhead', 'MoveAhead', 'MoveAhead', 'MoveAhead', 'RotateRight', 'MoveAhead', 'MoveAhead', 'MoveAhead', 'MoveAhead', 'MoveAhead', 'MoveAhead', 'MoveAhead', 'MoveAhead', 'MoveAhead', 'RotateLeft', 'MoveAhead', 'MoveAhead', 'MoveAhead', 'MoveAhead', 'RotateRight', 'MoveAhead', 'RotateLeft', 'MoveAhead']",,stepwise_navigation,26,False,True,,False,FloorPlan201:Pencil_b282d60f@after,"{'detector_confidence': 0.0, 'depth_consistency': None, 'object_mobility_prior': 0.85, 'time_interval': 1.0, 'task_importance': 1.0, 'historical_failure': 0.0, 'scene_change_score': 1.0, 'target_visible_after_revisit': False, 'visibility_error': 'target_not_visible_after_revisit_sweep', 'distance_from_remembered': None, 'teleport_success': False, 'same_type_density_score': 0.0, 'same_type_nearby_count': 0, 'same_type_scene_total': 1, 'visual_instance_confusion_prior': 0.45}",deterministic_live_revisit_uncertainty_v1,revisit_failed_visibility_uninformative,False,36,0.05,grounded_sam2,True,target_not_visible_after_revisit_sweep,0.45
expected_verification_value_v1,"{'x': -2.0498206615448, 'y': 1.318251609802246, 'z': -2.2013492584228516}",26,selected_by_expected_verification_value_budget,10,True,True,results/0514_paired_hard_challenge_screen_v1/case_list_paired_hard_challenge_all_qualifying_v1.json,30,1.0,74,0.0541,True,nearest_after_detection_normalized_frame_distance,True,False,calibrated,PickupObject,"stepwise_task_bridge_after_verified_memory_update; uses bounded stepwise navigation before one downstream PickupObject/OpenObject attempt after detector-backed memory refresh; not ObjectNav/SPL, not full navigation, not a manipulation benchmark, not persistent memory writeback, not broad task success",0.77,,False,,1.0509,honest_face_then_pick,30.0,Cup|-02.05|+01.32|-02.20,0,False,False,True,True,"{'x': -2.0498206615448, 'y': 1.318251609802246, 'z': -2.2013492584228516}","{'x': 0.6819939613342285, 'y': 1.310182809829712, 'z': -0.9019981026649475}",propose_detector_evidence_refresh,controller-backed evidence-guided memory refresh from live revisit detector-verifier evidence; mutated in memory-store snapshot only; not persistent storage; not recovery search; not task success,,1.0,True,FloorPlan3:Cup|+00.68|+01.31|-00.90@before,live_controller_revisit_detector_verifier_evidence,0,False,3.0251,metadata_position_delta_offline_only,True,0.82,target_not_visible_after_revisit_sweep;expected_verification_value_above_threshold,True,FloorPlan3:Cup|+00.68|+01.31|-00.90@before,stepwise_navigation,"['MoveAhead', 'RotateRight', 'MoveAhead', 'RotateRight', 'MoveAhead', 'RotateLeft', 'MoveAhead', 'MoveAhead', 'MoveAhead', 'RotateRight', 'MoveAhead']",,7,nearest_reachable_to_remembered_before_location,"controller-backed closed-loop GSAM stale-memory detection; InitialRandomSpawn occurs live; TeleportFull is a shortcut to remembered before-location and nearby positions for limited nav search; no TeleportObject; oracle metadata is offline labels only; nav search is limited position-hopping, not step-by-step navigation; not full navigation, manipulation, or task success",12,0.0,0,1,FloorPlan3,29,expected_verification_value_budgeted_v1,InitialRandomSpawn,True,1.0,Cup,0,Cup|+00.68|+01.31|-00.90,False,True,False,prior_recorded_false_negative_slice,"['RotateLeft', 'RotateRight', 'MoveAhead', 'MoveAhead', 'MoveAhead', 'RotateLeft', 'MoveAhead', 'RotateRight', 'MoveAhead', 'RotateLeft', 'MoveAhead']",,stepwise_navigation,6,False,True,NullReferenceException: Target object not found within the specified visibility.,True,FloorPlan3:Cup_67148623@after,"{'detector_confidence': 0.0, 'depth_consistency': None, 'object_mobility_prior': 0.85, 'time_interval': 1.0, 'task_importance': 1.0, 'historical_failure': 0.0, 'scene_change_score': 1.0, 'target_visible_after_revisit': False, 'visibility_error': 'target_not_visible_after_revisit_sweep', 'distance_from_remembered': None, 'teleport_success': True, 'same_type_density_score': 0.0, 'same_type_nearby_count': 0, 'same_type_scene_total': 1, 'visual_instance_confusion_prior': 0.0}",deterministic_live_revisit_uncertainty_v1,target_not_visible_after_revisit_sweep,False,36,0.05,grounded_sam2,True,target_not_visible_after_revisit_sweep,0.0
expected_verification_value_v1,"{'x': -2.480984926223755, 'y': 0.6448276042938232, 'z': 4.999676704406738}",20,selected_by_expected_verification_value_budget,16,True,True,results/0514_paired_hard_challenge_screen_v1/case_list_paired_hard_challenge_all_qualifying_v1.json,20,0.0,0,,True,no_matching_detection,True,True,calibrated,PickupObject,"stepwise_task_bridge_after_verified_memory_update; uses bounded stepwise navigation before one downstream PickupObject/OpenObject attempt after detector-backed memory refresh; not ObjectNav/SPL, not full navigation, not a manipulation benchmark, not persistent memory writeback, not broad task success",0.6125,,False,,0.5007,honest_face_then_pick,60.0,Pencil|-02.48|+00.64|+05.00,2,True,False,True,True,"{'x': -2.480984926223755, 'y': 0.6448276042938232, 'z': 4.999676704406738}","{'x': -2.831773519515991, 'y': 0.6845980286598206, 'z': 1.5094935894012451}",propose_detector_evidence_refresh,controller-backed evidence-guided memory refresh from live revisit detector-verifier evidence; mutated in memory-store snapshot only; not persistent storage; not recovery search; not task success,,0.0,True,FloorPlan201:Pencil|-02.83|+00.68|+01.51@before,live_controller_revisit_detector_verifier_evidence,0,False,3.5078,metadata_position_delta_offline_only,True,0.6625,target_not_visible_after_revisit_sweep;visual_instance_confusion_calibrated;expected_verification_value_above_threshold,True,FloorPlan201:Pencil|-02.83|+00.68|+01.51@before,stepwise_navigation,"['RotateRight', 'MoveAhead', 'RotateLeft', 'MoveAhead', 'MoveAhead', 'RotateRight', 'MoveAhead', 'RotateLeft', 'MoveAhead', 'RotateRight', 'MoveAhead', 'MoveAhead']",,7,nearest_reachable_to_remembered_before_location,"controller-backed closed-loop GSAM stale-memory detection; InitialRandomSpawn occurs live; TeleportFull is a shortcut to remembered before-location and nearby positions for limited nav search; no TeleportObject; oracle metadata is offline labels only; nav search is limited position-hopping, not step-by-step navigation; not full navigation, manipulation, or task success",13,0.0,0,1,FloorPlan201,29,expected_verification_value_budgeted_v1,InitialRandomSpawn,True,1.0,Pencil,1,Pencil|-02.83|+00.68|+01.51,False,True,False,prior_recorded_false_negative_slice,"['MoveAhead', 'MoveAhead', 'MoveAhead', 'MoveAhead', 'MoveAhead', 'MoveAhead', 'MoveAhead', 'MoveAhead', 'MoveAhead', 'MoveAhead', 'MoveAhead', 'RotateRight', 'MoveAhead', 'MoveAhead', 'RotateLeft', 'MoveAhead', 'RotateRight', 'MoveAhead', 'RotateLeft', 'MoveAhead', 'RotateRight', 'MoveAhead', 'RotateLeft', 'MoveAhead', 'MoveAhead', 'MoveAhead', 'RotateRight', 'MoveAhead', 'MoveAhead']",,stepwise_navigation,22,False,True,,True,FloorPlan201:Pencil_b282d60f@after,"{'detector_confidence': 0.0, 'depth_consistency': None, 'object_mobility_prior': 0.85, 'time_interval': 1.0, 'task_importance': 1.0, 'historical_failure': 0.0, 'scene_change_score': 1.0, 'target_visible_after_revisit': False, 'visibility_error': 'target_not_visible_after_revisit_sweep', 'distance_from_remembered': None, 'teleport_success': True, 'same_type_density_score': 0.0, 'same_type_nearby_count': 0, 'same_type_scene_total': 1, 'visual_instance_confusion_prior': 0.45}",deterministic_live_revisit_uncertainty_v1,target_not_visible_after_revisit_sweep,False,36,0.05,grounded_sam2,True,target_not_visible_after_revisit_sweep,0.45
expected_verification_value_v1,"{'x': 1.853363275527954, 'y': 0.9380038976669312, 'z': -2.5602056980133057}",33,selected_by_expected_verification_value_budget,3,True,True,results/0514_paired_hard_challenge_screen_v1/case_list_paired_hard_challenge_all_qualifying_v1.json,2,1.0,38,0.0855,True,nearest_after_detection_normalized_frame_distance,True,False,calibrated,PickupObject,"stepwise_task_bridge_after_verified_memory_update; uses bounded stepwise navigation before one downstream PickupObject/OpenObject attempt after detector-backed memory refresh; not ObjectNav/SPL, not full navigation, not a manipulation benchmark, not persistent memory writeback, not broad task success",0.77,,False,,0.5697,honest_face_then_pick,30.0,Apple|+01.85|+00.94|-02.56,1,False,False,True,True,"{'x': 1.853363275527954, 'y': 0.9380038976669312, 'z': -2.5602056980133057}","{'x': -0.4651583731174469, 'y': 1.151225209236145, 'z': 0.4757627248764038}",propose_detector_evidence_refresh,controller-backed evidence-guided memory refresh from live revisit detector-verifier evidence; mutated in memory-store snapshot only; not persistent storage; not recovery search; not task success,,1.0,True,FloorPlan1:Apple|-00.47|+01.15|+00.48@before,live_controller_revisit_detector_verifier_evidence,0,False,3.82,metadata_position_delta_offline_only,True,0.82,target_not_visible_after_revisit_sweep;expected_verification_value_above_threshold,True,FloorPlan1:Apple|-00.47|+01.15|+00.48@before,stepwise_navigation,"['RotateRight', 'RotateRight', 'RotateRight', 'MoveAhead', 'MoveAhead']",,2,nearest_reachable_to_remembered_before_location,"controller-backed closed-loop GSAM stale-memory detection; InitialRandomSpawn occurs live; TeleportFull is a shortcut to remembered before-location and nearby positions for limited nav search; no TeleportObject; oracle metadata is offline labels only; nav search is limited position-hopping, not step-by-step navigation; not full navigation, manipulation, or task success",14,0.0,0,1,FloorPlan1,37,expected_verification_value_budgeted_v1,InitialRandomSpawn,True,1.0,Apple,0,Apple|-00.47|+01.15|+00.48,False,True,False,prior_recorded_false_negative_slice,"['RotateRight', 'RotateRight', 'RotateRight', 'MoveAhead', 'MoveAhead', 'MoveAhead', 'MoveAhead', 'MoveAhead', 'MoveAhead', 'MoveAhead', 'MoveAhead', 'MoveAhead', 'RotateLeft', 'MoveAhead', 'MoveAhead', 'MoveAhead', 'MoveAhead', 'MoveAhead', 'MoveAhead', 'MoveAhead', 'MoveAhead', 'MoveAhead', 'RotateRight', 'MoveAhead', 'RotateLeft', 'MoveAhead', 'RotateRight', 'MoveAhead', 'RotateLeft', 'MoveAhead', 'RotateRight', 'MoveAhead']",,stepwise_navigation,23,False,True,NullReferenceException: Target object not found within the specified visibility.,True,FloorPlan1:Apple_34d5f204@after,"{'detector_confidence': 0.0, 'depth_consistency': None, 'object_mobility_prior': 0.85, 'time_interval': 1.0, 'task_importance': 1.0, 'historical_failure': 0.0, 'scene_change_score': 1.0, 'target_visible_after_revisit': False, 'visibility_error': 'target_not_visible_after_revisit_sweep', 'distance_from_remembered': None, 'teleport_success': True, 'same_type_density_score': 0.0, 'same_type_nearby_count': 0, 'same_type_scene_total': 1, 'visual_instance_confusion_prior': 0.0}",deterministic_live_revisit_uncertainty_v1,target_not_visible_after_revisit_sweep,False,36,0.05,grounded_sam2,True,target_not_visible_after_revisit_sweep,0.0
expected_verification_value_v1,"{'x': -2.7612721920013428, 'y': 0.24760673940181732, 'z': 6.135395526885986}",12,selected_by_expected_verification_value_budget,24,True,True,results/0514_paired_hard_challenge_screen_v1/case_list_paired_hard_challenge_all_qualifying_v1.json,12,1.0,1,0.3753,True,nearest_after_detection_normalized_frame_distance,True,False,calibrated,PickupObject,"stepwise_task_bridge_after_verified_memory_update; uses bounded stepwise navigation before one downstream PickupObject/OpenObject attempt after detector-backed memory refresh; not ObjectNav/SPL, not full navigation, not a manipulation benchmark, not persistent memory writeback, not broad task success",0.5075,,False,,0.3856,honest_face_then_pick,30.0,Newspaper|-02.76|+00.25|+06.14,1,False,False,True,True,"{'x': -2.7612721920013428, 'y': 0.24760673940181732, 'z': 6.135395526885986}","{'x': -2.7592267990112305, 'y': 0.6819102764129639, 'z': 1.1773200035095215}",propose_detector_evidence_refresh,controller-backed evidence-guided memory refresh from live revisit detector-verifier evidence; mutated in memory-store snapshot only; not persistent storage; not recovery search; not task success,,1.0,True,FloorPlan201:Newspaper|-02.76|+00.68|+01.18@before,live_controller_revisit_detector_verifier_evidence,0,False,4.9581,metadata_position_delta_offline_only,True,0.5575,target_not_visible_after_revisit_sweep;visual_instance_confusion_calibrated;expected_verification_value_above_threshold,True,FloorPlan201:Newspaper|-02.76|+00.68|+01.18@before,stepwise_navigation,"['RotateRight', 'MoveAhead', 'RotateRight', 'MoveAhead', 'MoveAhead', 'RotateLeft', 'MoveAhead', 'RotateRight', 'MoveAhead', 'RotateLeft', 'MoveAhead']",,6,nearest_reachable_to_remembered_before_location,"controller-backed closed-loop GSAM stale-memory detection; InitialRandomSpawn occurs live; TeleportFull is a shortcut to remembered before-location and nearby positions for limited nav search; no TeleportObject; oracle metadata is offline labels only; nav search is limited position-hopping, not step-by-step navigation; not full navigation, manipulation, or task success",15,0.0,0,1,FloorPlan201,37,expected_verification_value_budgeted_v1,InitialRandomSpawn,True,1.0,Newspaper,0,Newspaper|-02.76|+00.68|+01.18,False,True,False,prior_recorded_false_negative_slice,"['MoveAhead', 'MoveAhead', 'MoveAhead', 'MoveAhead', 'MoveAhead', 'MoveAhead', 'MoveAhead', 'MoveAhead', 'MoveAhead', 'MoveAhead', 'MoveAhead', 'MoveAhead', 'RotateRight', 'MoveAhead', 'RotateLeft', 'MoveAhead', 'RotateRight', 'MoveAhead', 'RotateLeft', 'MoveAhead', 'RotateRight', 'MoveAhead', 'RotateLeft', 'MoveAhead', 'RotateRight', 'MoveAhead', 'RotateLeft', 'MoveAhead', 'RotateRight', 'MoveAhead', 'RotateLeft', 'MoveAhead']",,stepwise_navigation,22,False,True,NullReferenceException: Target object not found within the specified visibility.,True,FloorPlan201:Newspaper_ed198726@after,"{'detector_confidence': 0.0, 'depth_consistency': None, 'object_mobility_prior': 0.85, 'time_interval': 1.0, 'task_importance': 1.0, 'historical_failure': 0.0, 'scene_change_score': 1.0, 'target_visible_after_revisit': False, 'visibility_error': 'target_not_visible_after_revisit_sweep', 'distance_from_remembered': None, 'teleport_success': True, 'same_type_density_score': 0.0, 'same_type_nearby_count': 0, 'same_type_scene_total': 1, 'visual_instance_confusion_prior': 0.75}",deterministic_live_revisit_uncertainty_v1,target_not_visible_after_revisit_sweep,False,36,0.05,grounded_sam2,True,target_not_visible_after_revisit_sweep,0.75
expected_verification_value_v1,"{'x': -2.8997721672058105, 'y': 0.6147412657737732, 'z': -0.20023643970489502}",4,selected_by_expected_verification_value_budget,32,True,True,results/0514_paired_hard_challenge_screen_v1/case_list_paired_hard_challenge_all_qualifying_v1.json,21,0.0,0,,True,no_matching_detection,True,False,calibrated,PickupObject,"stepwise_task_bridge_after_verified_memory_update; uses bounded stepwise navigation before one downstream PickupObject/OpenObject attempt after detector-backed memory refresh; not ObjectNav/SPL, not full navigation, not a manipulation benchmark, not persistent memory writeback, not broad task success",0.2925,,False,,0.4613,honest_face_then_pick,30.0,Pencil|-02.90|+00.61|-00.20,1,False,False,True,True,"{'x': -2.8997721672058105, 'y': 0.6147412657737732, 'z': -0.20023643970489502}","{'x': -2.831773519515991, 'y': 0.6845980286598206, 'z': 1.5094935894012451}",propose_detector_evidence_refresh,controller-backed evidence-guided memory refresh from live revisit detector-verifier evidence; mutated in memory-store snapshot only; not persistent storage; not recovery search; not task success,,0.0,True,FloorPlan201:Pencil|-02.83|+00.68|+01.51@before,live_controller_revisit_detector_verifier_evidence,0,False,1.7111,metadata_position_delta_offline_only,True,0.3425,revisit_failed_visibility_uninformative;visual_instance_confusion_calibrated;expected_verification_value_above_threshold,True,FloorPlan201:Pencil|-02.83|+00.68|+01.51@before,stepwise_navigation,"['RotateRight', 'RotateRight', 'RotateRight', 'MoveAhead']",collision_stuck,1,nearest_reachable_to_remembered_before_location,"controller-backed closed-loop GSAM stale-memory detection; InitialRandomSpawn occurs live; TeleportFull is a shortcut to remembered before-location and nearby positions for limited nav search; no TeleportObject; oracle metadata is offline labels only; nav search is limited position-hopping, not step-by-step navigation; not full navigation, manipulation, or task success",16,0.0,0,1,FloorPlan201,37,expected_verification_value_budgeted_v1,InitialRandomSpawn,True,1.0,Pencil,1,Pencil|-02.83|+00.68|+01.51,False,True,False,prior_recorded_false_negative_slice,"['RotateRight', 'RotateRight', 'MoveAhead', 'RotateLeft', 'MoveAhead', 'RotateRight', 'MoveAhead', 'RotateLeft', 'MoveAhead', 'RotateRight', 'MoveAhead', 'RotateLeft', 'MoveAhead', 'RotateRight', 'MoveAhead', 'RotateLeft', 'MoveAhead', 'RotateRight', 'MoveAhead']",,stepwise_navigation,9,False,True,NullReferenceException: Target object not found within the specified visibility.,False,FloorPlan201:Pencil_b282d60f@after,"{'detector_confidence': 0.0, 'depth_consistency': None, 'object_mobility_prior': 0.85, 'time_interval': 1.0, 'task_importance': 1.0, 'historical_failure': 0.0, 'scene_change_score': 1.0, 'target_visible_after_revisit': False, 'visibility_error': 'target_not_visible_after_revisit_sweep', 'distance_from_remembered': None, 'teleport_success': False, 'same_type_density_score': 0.0, 'same_type_nearby_count': 0, 'same_type_scene_total': 1, 'visual_instance_confusion_prior': 0.45}",deterministic_live_revisit_uncertainty_v1,revisit_failed_visibility_uninformative,False,36,0.05,grounded_sam2,True,target_not_visible_after_revisit_sweep,0.45
expected_verification_value_v1,"{'x': -1.237309217453003, 'y': 1.318251609802246, 'z': -3.314365863800049}",25,selected_by_expected_verification_value_budget,11,True,True,results/0514_paired_hard_challenge_screen_v1/case_list_paired_hard_challenge_all_qualifying_v1.json,31,1.0,74,0.0541,True,nearest_after_detection_normalized_frame_distance,True,False,calibrated,PickupObject,"stepwise_task_bridge_after_verified_memory_update; uses bounded stepwise navigation before one downstream PickupObject/OpenObject attempt after detector-backed memory refresh; not ObjectNav/SPL, not full navigation, not a manipulation benchmark, not persistent memory writeback, not broad task success",0.77,,False,,1.0905,honest_face_then_pick,30.0,Cup|-01.24|+01.32|-03.31,1,False,False,True,True,"{'x': -1.237309217453003, 'y': 1.318251609802246, 'z': -3.314365863800049}","{'x': 0.6819939017295837, 'y': 1.310182809829712, 'z': -0.9019981026649475}",propose_detector_evidence_refresh,controller-backed evidence-guided memory refresh from live revisit detector-verifier evidence; mutated in memory-store snapshot only; not persistent storage; not recovery search; not task success,,1.0,True,FloorPlan3:Cup|+00.68|+01.31|-00.90@before,live_controller_revisit_detector_verifier_evidence,0,False,3.0827,metadata_position_delta_offline_only,True,0.82,target_not_visible_after_revisit_sweep;expected_verification_value_above_threshold,True,FloorPlan3:Cup|+00.68|+01.31|-00.90@before,stepwise_navigation,"['MoveAhead', 'RotateRight', 'MoveAhead', 'RotateRight', 'MoveAhead', 'RotateLeft', 'MoveAhead', 'MoveAhead', 'MoveAhead', 'RotateRight', 'MoveAhead']",,7,nearest_reachable_to_remembered_before_location,"controller-backed closed-loop GSAM stale-memory detection; InitialRandomSpawn occurs live; TeleportFull is a shortcut to remembered before-location and nearby positions for limited nav search; no TeleportObject; oracle metadata is offline labels only; nav search is limited position-hopping, not step-by-step navigation; not full navigation, manipulation, or task success",17,0.0,0,1,FloorPlan3,43,expected_verification_value_budgeted_v1,InitialRandomSpawn,True,1.0,Cup,0,Cup|+00.68|+01.31|-00.90,False,True,False,prior_recorded_false_negative_slice,"['RotateLeft', 'RotateRight', 'MoveAhead', 'MoveAhead', 'MoveAhead', 'RotateLeft', 'MoveAhead', 'RotateRight', 'MoveAhead', 'RotateLeft', 'MoveAhead']",,stepwise_navigation,6,False,True,NullReferenceException: Target object not found within the specified visibility.,True,FloorPlan3:Cup_67148623@after,"{'detector_confidence': 0.0, 'depth_consistency': None, 'object_mobility_prior': 0.85, 'time_interval': 1.0, 'task_importance': 1.0, 'historical_failure': 0.0, 'scene_change_score': 1.0, 'target_visible_after_revisit': False, 'visibility_error': 'target_not_visible_after_revisit_sweep', 'distance_from_remembered': None, 'teleport_success': True, 'same_type_density_score': 0.0, 'same_type_nearby_count': 0, 'same_type_scene_total': 1, 'visual_instance_confusion_prior': 0.0}",deterministic_live_revisit_uncertainty_v1,target_not_visible_after_revisit_sweep,False,36,0.05,grounded_sam2,True,target_not_visible_after_revisit_sweep,0.0
expected_verification_value_v1,"{'x': -4.468652248382568, 'y': 0.4736577272415161, 'z': 5.574780464172363}",11,selected_by_expected_verification_value_budget,25,True,True,results/0514_paired_hard_challenge_screen_v1/case_list_paired_hard_challenge_all_qualifying_v1.json,13,1.0,1,0.3753,True,nearest_after_detection_normalized_frame_distance,True,True,calibrated,PickupObject,"stepwise_task_bridge_after_verified_memory_update; uses bounded stepwise navigation before one downstream PickupObject/OpenObject attempt after detector-backed memory refresh; not ObjectNav/SPL, not full navigation, not a manipulation benchmark, not persistent memory writeback, not broad task success",0.5075,,False,,0.3915,honest_face_then_pick,60.0,Newspaper|-04.47|+00.47|+05.57,2,True,False,True,True,"{'x': -4.468652248382568, 'y': 0.4736577272415161, 'z': 5.574780464172363}","{'x': -2.7592265605926514, 'y': 0.681910514831543, 'z': 1.1773200035095215}",propose_detector_evidence_refresh,controller-backed evidence-guided memory refresh from live revisit detector-verifier evidence; mutated in memory-store snapshot only; not persistent storage; not recovery search; not task success,,1.0,True,FloorPlan201:Newspaper|-02.76|+00.68|+01.18@before,live_controller_revisit_detector_verifier_evidence,0,False,4.718,metadata_position_delta_offline_only,True,0.5575,target_not_visible_after_revisit_sweep;visual_instance_confusion_calibrated;expected_verification_value_above_threshold,True,FloorPlan201:Newspaper|-02.76|+00.68|+01.18@before,stepwise_navigation,"['RotateRight', 'MoveAhead', 'RotateRight', 'MoveAhead', 'MoveAhead', 'RotateLeft', 'MoveAhead', 'RotateRight', 'MoveAhead', 'RotateLeft', 'MoveAhead']",,6,nearest_reachable_to_remembered_before_location,"controller-backed closed-loop GSAM stale-memory detection; InitialRandomSpawn occurs live; TeleportFull is a shortcut to remembered before-location and nearby positions for limited nav search; no TeleportObject; oracle metadata is offline labels only; nav search is limited position-hopping, not step-by-step navigation; not full navigation, manipulation, or task success",18,0.0,0,1,FloorPlan201,43,expected_verification_value_budgeted_v1,InitialRandomSpawn,True,1.0,Newspaper,0,Newspaper|-02.76|+00.68|+01.18,False,True,False,prior_recorded_false_negative_slice,"['MoveAhead', 'MoveAhead', 'MoveAhead', 'MoveAhead', 'MoveAhead', 'MoveAhead', 'MoveAhead', 'MoveAhead', 'MoveAhead', 'MoveAhead', 'MoveAhead', 'MoveAhead', 'MoveAhead', 'MoveAhead', 'MoveAhead', 'RotateLeft', 'MoveAhead']",,stepwise_navigation,16,False,True,,True,FloorPlan201:Newspaper_ed198726@after,"{'detector_confidence': 0.0, 'depth_consistency': None, 'object_mobility_prior': 0.85, 'time_interval': 1.0, 'task_importance': 1.0, 'historical_failure': 0.0, 'scene_change_score': 1.0, 'target_visible_after_revisit': False, 'visibility_error': 'target_not_visible_after_revisit_sweep', 'distance_from_remembered': None, 'teleport_success': True, 'same_type_density_score': 0.0, 'same_type_nearby_count': 0, 'same_type_scene_total': 1, 'visual_instance_confusion_prior': 0.75}",deterministic_live_revisit_uncertainty_v1,target_not_visible_after_revisit_sweep,False,36,0.05,grounded_sam2,True,target_not_visible_after_revisit_sweep,0.75
expected_verification_value_v1,"{'x': -2.0033838748931885, 'y': 0.7306904792785645, 'z': 6.1345295906066895}",3,selected_by_expected_verification_value_budget,33,True,True,results/0514_paired_hard_challenge_screen_v1/case_list_paired_hard_challenge_all_qualifying_v1.json,22,0.0,0,,True,no_matching_detection,True,True,calibrated,PickupObject,"stepwise_task_bridge_after_verified_memory_update; uses bounded stepwise navigation before one downstream PickupObject/OpenObject attempt after detector-backed memory refresh; not ObjectNav/SPL, not full navigation, not a manipulation benchmark, not persistent memory writeback, not broad task success",0.2925,,False,,0.3846,honest_face_then_pick,60.0,Pencil|-02.00|+00.73|+06.13,1,True,False,True,True,"{'x': -2.0033838748931885, 'y': 0.7306904792785645, 'z': 6.1345295906066895}","{'x': -2.831773519515991, 'y': 0.6845982074737549, 'z': 1.5094934701919556}",propose_detector_evidence_refresh,controller-backed evidence-guided memory refresh from live revisit detector-verifier evidence; mutated in memory-store snapshot only; not persistent storage; not recovery search; not task success,,0.0,True,FloorPlan201:Pencil|-02.83|+00.68|+01.51@before,live_controller_revisit_detector_verifier_evidence,0,False,4.6986,metadata_position_delta_offline_only,True,0.3425,revisit_failed_visibility_uninformative;visual_instance_confusion_calibrated;expected_verification_value_above_threshold,True,FloorPlan201:Pencil|-02.83|+00.68|+01.51@before,stepwise_navigation,"['RotateRight', 'RotateRight', 'RotateRight', 'MoveAhead']",collision_stuck,1,nearest_reachable_to_remembered_before_location,"controller-backed closed-loop GSAM stale-memory detection; InitialRandomSpawn occurs live; TeleportFull is a shortcut to remembered before-location and nearby positions for limited nav search; no TeleportObject; oracle metadata is offline labels only; nav search is limited position-hopping, not step-by-step navigation; not full navigation, manipulation, or task success",19,0.0,0,1,FloorPlan201,43,expected_verification_value_budgeted_v1,InitialRandomSpawn,True,1.0,Pencil,1,Pencil|-02.83|+00.68|+01.51,False,True,False,prior_recorded_false_negative_slice,"['MoveAhead', 'MoveAhead', 'MoveAhead', 'MoveAhead', 'MoveAhead', 'MoveAhead', 'MoveAhead', 'MoveAhead', 'MoveAhead', 'MoveAhead', 'MoveAhead', 'RotateRight', 'MoveAhead', 'MoveAhead', 'MoveAhead', 'RotateLeft', 'MoveAhead', 'RotateRight', 'MoveAhead', 'RotateLeft', 'MoveAhead', 'MoveAhead', 'MoveAhead', 'MoveAhead', 'RotateRight', 'MoveAhead', 'MoveAhead', 'MoveAhead', 'MoveAhead', 'RotateLeft', 'MoveAhead']",,stepwise_navigation,25,False,True,,False,FloorPlan201:Pencil_b282d60f@after,"{'detector_confidence': 0.0, 'depth_consistency': None, 'object_mobility_prior': 0.85, 'time_interval': 1.0, 'task_importance': 1.0, 'historical_failure': 0.0, 'scene_change_score': 1.0, 'target_visible_after_revisit': False, 'visibility_error': 'target_not_visible_after_revisit_sweep', 'distance_from_remembered': None, 'teleport_success': False, 'same_type_density_score': 0.0, 'same_type_nearby_count': 0, 'same_type_scene_total': 1, 'visual_instance_confusion_prior': 0.45}",deterministic_live_revisit_uncertainty_v1,revisit_failed_visibility_uninformative,False,36,0.05,grounded_sam2,True,target_not_visible_after_revisit_sweep,0.45
expected_verification_value_v1,"{'x': 1.0981663465499878, 'y': 0.9569252133369446, 'z': -2.2535502910614014}",32,selected_by_expected_verification_value_budget,4,True,True,results/0514_paired_hard_challenge_screen_v1/case_list_paired_hard_challenge_all_qualifying_v1.json,3,1.0,38,0.0855,True,nearest_after_detection_normalized_frame_distance,True,True,calibrated,PickupObject,"stepwise_task_bridge_after_verified_memory_update; uses bounded stepwise navigation before one downstream PickupObject/OpenObject attempt after detector-backed memory refresh; not ObjectNav/SPL, not full navigation, not a manipulation benchmark, not persistent memory writeback, not broad task success",0.77,,False,,0.4751,honest_face_then_pick,30.0,Apple|+01.10|+00.96|-02.25,0,True,False,True,True,"{'x': 1.0981663465499878, 'y': 0.9569252133369446, 'z': -2.2535502910614014}","{'x': -0.4651575982570648, 'y': 1.151225209236145, 'z': 0.47575879096984863}",propose_detector_evidence_refresh,controller-backed evidence-guided memory refresh from live revisit detector-verifier evidence; mutated in memory-store snapshot only; not persistent storage; not recovery search; not task success,,1.0,True,FloorPlan1:Apple|-00.47|+01.15|+00.48@before,live_controller_revisit_detector_verifier_evidence,0,False,3.1453,metadata_position_delta_offline_only,True,0.82,target_not_visible_after_revisit_sweep;expected_verification_value_above_threshold,True,FloorPlan1:Apple|-00.47|+01.15|+00.48@before,stepwise_navigation,"['RotateRight', 'RotateRight', 'RotateRight', 'MoveAhead', 'MoveAhead']",,2,nearest_reachable_to_remembered_before_location,"controller-backed closed-loop GSAM stale-memory detection; InitialRandomSpawn occurs live; TeleportFull is a shortcut to remembered before-location and nearby positions for limited nav search; no TeleportObject; oracle metadata is offline labels only; nav search is limited position-hopping, not step-by-step navigation; not full navigation, manipulation, or task success",20,0.0,0,1,FloorPlan1,53,expected_verification_value_budgeted_v1,InitialRandomSpawn,True,1.0,Apple,0,Apple|-00.47|+01.15|+00.48,False,True,False,prior_recorded_false_negative_slice,"['RotateRight', 'RotateRight', 'RotateRight', 'MoveAhead', 'MoveAhead', 'MoveAhead', 'MoveAhead', 'MoveAhead', 'MoveAhead', 'MoveAhead', 'MoveAhead', 'MoveAhead', 'RotateLeft', 'MoveAhead', 'MoveAhead', 'MoveAhead', 'MoveAhead', 'MoveAhead', 'MoveAhead', 'MoveAhead', 'MoveAhead', 'RotateRight', 'MoveAhead', 'RotateLeft', 'MoveAhead', 'RotateRight', 'MoveAhead', 'RotateLeft', 'MoveAhead', 'RotateRight', 'MoveAhead']",,stepwise_navigation,22,False,True,,True,FloorPlan1:Apple_34d5f204@after,"{'detector_confidence': 0.0, 'depth_consistency': None, 'object_mobility_prior': 0.85, 'time_interval': 1.0, 'task_importance': 1.0, 'historical_failure': 0.0, 'scene_change_score': 1.0, 'target_visible_after_revisit': False, 'visibility_error': 'target_not_visible_after_revisit_sweep', 'distance_from_remembered': None, 'teleport_success': True, 'same_type_density_score': 0.0, 'same_type_nearby_count': 0, 'same_type_scene_total': 1, 'visual_instance_confusion_prior': 0.0}",deterministic_live_revisit_uncertainty_v1,target_not_visible_after_revisit_sweep,False,36,0.05,grounded_sam2,True,target_not_visible_after_revisit_sweep,0.0
expected_verification_value_v1,"{'x': 1.2245550155639648, 'y': 1.2250902652740479, 'z': 1.0856248140335083}",24,selected_by_expected_verification_value_budget,12,True,True,results/0514_paired_hard_challenge_screen_v1/case_list_paired_hard_challenge_all_qualifying_v1.json,32,1.0,74,0.0541,True,nearest_after_detection_normalized_frame_distance,True,False,calibrated,PickupObject,"stepwise_task_bridge_after_verified_memory_update; uses bounded stepwise navigation before one downstream PickupObject/OpenObject attempt after detector-backed memory refresh; not ObjectNav/SPL, not full navigation, not a manipulation benchmark, not persistent memory writeback, not broad task success",0.77,,False,,0.9783,honest_face_then_pick,30.0,Cup|+01.22|+01.23|+01.09,0,False,False,True,True,"{'x': 1.2245550155639648, 'y': 1.2250902652740479, 'z': 1.0856248140335083}","{'x': 0.6819939017295837, 'y': 1.310182809829712, 'z': -0.9019981026649475}",propose_detector_evidence_refresh,controller-backed evidence-guided memory refresh from live revisit detector-verifier evidence; mutated in memory-store snapshot only; not persistent storage; not recovery search; not task success,,1.0,True,FloorPlan3:Cup|+00.68|+01.31|-00.90@before,live_controller_revisit_detector_verifier_evidence,0,False,2.0603,metadata_position_delta_offline_only,True,0.82,target_not_visible_after_revisit_sweep;expected_verification_value_above_threshold,True,FloorPlan3:Cup|+00.68|+01.31|-00.90@before,stepwise_navigation,"['MoveAhead', 'RotateRight', 'MoveAhead', 'RotateRight', 'MoveAhead', 'RotateLeft', 'MoveAhead', 'MoveAhead', 'MoveAhead', 'RotateRight', 'MoveAhead']",,7,nearest_reachable_to_remembered_before_location,"controller-backed closed-loop GSAM stale-memory detection; InitialRandomSpawn occurs live; TeleportFull is a shortcut to remembered before-location and nearby positions for limited nav search; no TeleportObject; oracle metadata is offline labels only; nav search is limited position-hopping, not step-by-step navigation; not full navigation, manipulation, or task success",21,0.0,0,1,FloorPlan3,53,expected_verification_value_budgeted_v1,InitialRandomSpawn,True,1.0,Cup,0,Cup|+00.68|+01.31|-00.90,False,True,False,prior_recorded_false_negative_slice,"['MoveAhead', 'RotateRight', 'MoveAhead', 'RotateRight', 'MoveAhead', 'RotateLeft', 'MoveAhead', 'MoveAhead', 'MoveAhead', 'MoveAhead', 'MoveAhead', 'MoveAhead', 'MoveAhead', 'MoveAhead', 'MoveAhead', 'RotateRight', 'MoveAhead', 'RotateLeft', 'MoveAhead']",,stepwise_navigation,14,False,True,NullReferenceException: Target object not found within the specified visibility.,True,FloorPlan3:Cup_67148623@after,"{'detector_confidence': 0.0, 'depth_consistency': None, 'object_mobility_prior': 0.85, 'time_interval': 1.0, 'task_importance': 1.0, 'historical_failure': 0.0, 'scene_change_score': 1.0, 'target_visible_after_revisit': False, 'visibility_error': 'target_not_visible_after_revisit_sweep', 'distance_from_remembered': None, 'teleport_success': True, 'same_type_density_score': 0.0, 'same_type_nearby_count': 0, 'same_type_scene_total': 1, 'visual_instance_confusion_prior': 0.0}",deterministic_live_revisit_uncertainty_v1,target_not_visible_after_revisit_sweep,False,36,0.05,grounded_sam2,True,target_not_visible_after_revisit_sweep,0.0
expected_verification_value_v1,"{'x': -0.8184103965759277, 'y': 0.4736640751361847, 'z': 5.659886360168457}",10,selected_by_expected_verification_value_budget,26,True,True,results/0514_paired_hard_challenge_screen_v1/case_list_paired_hard_challenge_all_qualifying_v1.json,14,1.0,1,0.3753,True,nearest_after_detection_normalized_frame_distance,True,True,calibrated,PickupObject,"stepwise_task_bridge_after_verified_memory_update; uses bounded stepwise navigation before one downstream PickupObject/OpenObject attempt after detector-backed memory refresh; not ObjectNav/SPL, not full navigation, not a manipulation benchmark, not persistent memory writeback, not broad task success",0.5075,,False,,0.519,honest_face_then_pick,60.0,Newspaper|-00.82|+00.47|+05.66,1,True,False,True,True,"{'x': -0.8184103965759277, 'y': 0.4736640751361847, 'z': 5.659886360168457}","{'x': -2.7592265605926514, 'y': 0.6819102764129639, 'z': 1.1773196458816528}",propose_detector_evidence_refresh,controller-backed evidence-guided memory refresh from live revisit detector-verifier evidence; mutated in memory-store snapshot only; not persistent storage; not recovery search; not task success,,1.0,True,FloorPlan201:Newspaper|-02.76|+00.68|+01.18@before,live_controller_revisit_detector_verifier_evidence,0,False,4.8847,metadata_position_delta_offline_only,True,0.5575,target_not_visible_after_revisit_sweep;visual_instance_confusion_calibrated;expected_verification_value_above_threshold,True,FloorPlan201:Newspaper|-02.76|+00.68|+01.18@before,stepwise_navigation,"['RotateRight', 'MoveAhead', 'RotateRight', 'MoveAhead', 'MoveAhead', 'RotateLeft', 'MoveAhead', 'RotateRight', 'MoveAhead', 'RotateLeft', 'MoveAhead']",,6,nearest_reachable_to_remembered_before_location,"controller-backed closed-loop GSAM stale-memory detection; InitialRandomSpawn occurs live; TeleportFull is a shortcut to remembered before-location and nearby positions for limited nav search; no TeleportObject; oracle metadata is offline labels only; nav search is limited position-hopping, not step-by-step navigation; not full navigation, manipulation, or task success",22,0.0,0,1,FloorPlan201,53,expected_verification_value_budgeted_v1,InitialRandomSpawn,True,1.0,Newspaper,0,Newspaper|-02.76|+00.68|+01.18,False,True,False,prior_recorded_false_negative_slice,"['MoveAhead', 'RotateRight', 'MoveAhead', 'RotateLeft', 'MoveAhead', 'RotateRight', 'MoveAhead', 'RotateLeft', 'MoveAhead', 'RotateRight', 'MoveAhead', 'RotateLeft', 'MoveAhead', 'RotateRight', 'MoveAhead', 'MoveAhead', 'MoveAhead', 'MoveAhead', 'MoveAhead', 'MoveAhead', 'MoveAhead', 'MoveAhead', 'MoveAhead', 'RotateLeft', 'MoveAhead', 'RotateRight', 'MoveAhead', 'RotateLeft', 'MoveAhead', 'MoveAhead', 'MoveAhead', 'MoveAhead', 'MoveAhead', 'MoveAhead', 'MoveAhead', 'MoveAhead', 'MoveAhead', 'RotateRight', 'MoveAhead', 'RotateLeft', 'MoveAhead']",,stepwise_navigation,29,False,True,,True,FloorPlan201:Newspaper_ed198726@after,"{'detector_confidence': 0.0, 'depth_consistency': None, 'object_mobility_prior': 0.85, 'time_interval': 1.0, 'task_importance': 1.0, 'historical_failure': 0.0, 'scene_change_score': 1.0, 'target_visible_after_revisit': False, 'visibility_error': 'target_not_visible_after_revisit_sweep', 'distance_from_remembered': None, 'teleport_success': True, 'same_type_density_score': 0.0, 'same_type_nearby_count': 0, 'same_type_scene_total': 1, 'visual_instance_confusion_prior': 0.75}",deterministic_live_revisit_uncertainty_v1,target_not_visible_after_revisit_sweep,False,36,0.05,grounded_sam2,True,target_not_visible_after_revisit_sweep,0.75
expected_verification_value_v1,"{'x': -2.6363136768341064, 'y': 0.24914780259132385, 'z': 6.054811477661133}",2,selected_by_expected_verification_value_budget,34,True,True,results/0514_paired_hard_challenge_screen_v1/case_list_paired_hard_challenge_all_qualifying_v1.json,23,0.0,0,,True,no_matching_detection,True,True,calibrated,PickupObject,"stepwise_task_bridge_after_verified_memory_update; uses bounded stepwise navigation before one downstream PickupObject/OpenObject attempt after detector-backed memory refresh; not ObjectNav/SPL, not full navigation, not a manipulation benchmark, not persistent memory writeback, not broad task success",0.2925,,False,,0.3253,honest_face_then_pick,45.0,Pencil|-02.64|+00.25|+06.05,1,True,False,True,True,"{'x': -2.6363136768341064, 'y': 0.24914780259132385, 'z': 6.054811477661133}","{'x': -2.831773519515991, 'y': 0.6845981478691101, 'z': 1.509493350982666}",propose_detector_evidence_refresh,controller-backed evidence-guided memory refresh from live revisit detector-verifier evidence; mutated in memory-store snapshot only; not persistent storage; not recovery search; not task success,,0.0,True,FloorPlan201:Pencil|-02.83|+00.68|+01.51@before,live_controller_revisit_detector_verifier_evidence,0,False,4.5495,metadata_position_delta_offline_only,True,0.3425,revisit_failed_visibility_uninformative;visual_instance_confusion_calibrated;expected_verification_value_above_threshold,True,FloorPlan201:Pencil|-02.83|+00.68|+01.51@before,stepwise_navigation,"['RotateRight', 'RotateRight', 'RotateRight', 'MoveAhead']",collision_stuck,1,nearest_reachable_to_remembered_before_location,"controller-backed closed-loop GSAM stale-memory detection; InitialRandomSpawn occurs live; TeleportFull is a shortcut to remembered before-location and nearby positions for limited nav search; no TeleportObject; oracle metadata is offline labels only; nav search is limited position-hopping, not step-by-step navigation; not full navigation, manipulation, or task success",23,0.0,0,1,FloorPlan201,53,expected_verification_value_budgeted_v1,InitialRandomSpawn,True,1.0,Pencil,1,Pencil|-02.83|+00.68|+01.51,False,True,False,prior_recorded_false_negative_slice,"['MoveAhead', 'MoveAhead', 'MoveAhead', 'MoveAhead', 'MoveAhead', 'MoveAhead', 'MoveAhead', 'MoveAhead', 'MoveAhead', 'MoveAhead', 'MoveAhead', 'MoveAhead', 'RotateRight', 'MoveAhead', 'RotateLeft', 'MoveAhead', 'RotateRight', 'MoveAhead', 'RotateLeft', 'MoveAhead', 'RotateRight', 'MoveAhead', 'RotateLeft', 'MoveAhead', 'RotateRight', 'MoveAhead', 'RotateLeft', 'MoveAhead', 'RotateRight', 'MoveAhead', 'RotateLeft', 'MoveAhead']",,stepwise_navigation,22,False,True,,False,FloorPlan201:Pencil_b282d60f@after,"{'detector_confidence': 0.0, 'depth_consistency': None, 'object_mobility_prior': 0.85, 'time_interval': 1.0, 'task_importance': 1.0, 'historical_failure': 0.0, 'scene_change_score': 1.0, 'target_visible_after_revisit': False, 'visibility_error': 'target_not_visible_after_revisit_sweep', 'distance_from_remembered': None, 'teleport_success': False, 'same_type_density_score': 0.0, 'same_type_nearby_count': 0, 'same_type_scene_total': 1, 'visual_instance_confusion_prior': 0.45}",deterministic_live_revisit_uncertainty_v1,revisit_failed_visibility_uninformative,False,36,0.05,grounded_sam2,True,target_not_visible_after_revisit_sweep,0.45
expected_verification_value_v1,"{'x': -1.9081000089645386, 'y': 0.8159813284873962, 'z': -1.7602760791778564}",31,selected_by_expected_verification_value_budget,5,True,True,results/0514_paired_hard_challenge_screen_v1/case_list_paired_hard_challenge_all_qualifying_v1.json,4,1.0,38,0.0855,True,nearest_after_detection_normalized_frame_distance,True,True,calibrated,PickupObject,"stepwise_task_bridge_after_verified_memory_update; uses bounded stepwise navigation before one downstream PickupObject/OpenObject attempt after detector-backed memory refresh; not ObjectNav/SPL, not full navigation, not a manipulation benchmark, not persistent memory writeback, not broad task success",0.77,,False,,0.6582,honest_face_then_pick,60.0,Apple|-01.91|+00.82|-01.76,0,True,False,True,True,"{'x': -1.9081000089645386, 'y': 0.8159813284873962, 'z': -1.7602760791778564}","{'x': -0.4651575982570648, 'y': 1.151225209236145, 'z': 0.47575879096984863}",propose_detector_evidence_refresh,controller-backed evidence-guided memory refresh from live revisit detector-verifier evidence; mutated in memory-store snapshot only; not persistent storage; not recovery search; not task success,,1.0,True,FloorPlan1:Apple|-00.47|+01.15|+00.48@before,live_controller_revisit_detector_verifier_evidence,0,False,2.6612,metadata_position_delta_offline_only,True,0.82,target_not_visible_after_revisit_sweep;expected_verification_value_above_threshold,True,FloorPlan1:Apple|-00.47|+01.15|+00.48@before,stepwise_navigation,"['RotateRight', 'RotateRight', 'RotateRight', 'MoveAhead', 'MoveAhead']",,2,nearest_reachable_to_remembered_before_location,"controller-backed closed-loop GSAM stale-memory detection; InitialRandomSpawn occurs live; TeleportFull is a shortcut to remembered before-location and nearby positions for limited nav search; no TeleportObject; oracle metadata is offline labels only; nav search is limited position-hopping, not step-by-step navigation; not full navigation, manipulation, or task success",24,0.0,0,1,FloorPlan1,67,expected_verification_value_budgeted_v1,InitialRandomSpawn,True,1.0,Apple,0,Apple|-00.47|+01.15|+00.48,False,True,False,prior_recorded_false_negative_slice,"['RotateRight', 'RotateRight', 'RotateRight', 'MoveAhead', 'MoveAhead', 'MoveAhead', 'MoveAhead', 'MoveAhead', 'MoveAhead', 'MoveAhead', 'MoveAhead', 'MoveAhead', 'MoveAhead', 'RotateRight', 'MoveAhead', 'RotateLeft', 'MoveAhead']",,stepwise_navigation,12,False,True,,True,FloorPlan1:Apple_34d5f204@after,"{'detector_confidence': 0.0, 'depth_consistency': None, 'object_mobility_prior': 0.85, 'time_interval': 1.0, 'task_importance': 1.0, 'historical_failure': 0.0, 'scene_change_score': 1.0, 'target_visible_after_revisit': False, 'visibility_error': 'target_not_visible_after_revisit_sweep', 'distance_from_remembered': None, 'teleport_success': True, 'same_type_density_score': 0.0, 'same_type_nearby_count': 0, 'same_type_scene_total': 1, 'visual_instance_confusion_prior': 0.0}",deterministic_live_revisit_uncertainty_v1,target_not_visible_after_revisit_sweep,False,36,0.05,grounded_sam2,True,target_not_visible_after_revisit_sweep,0.0
expected_verification_value_v1,"{'x': 0.4920377731323242, 'y': 1.318251609802246, 'z': -3.121979236602783}",23,selected_by_expected_verification_value_budget,13,True,True,results/0514_paired_hard_challenge_screen_v1/case_list_paired_hard_challenge_all_qualifying_v1.json,33,1.0,74,0.0541,True,nearest_after_detection_normalized_frame_distance,True,False,calibrated,PickupObject,"stepwise_task_bridge_after_verified_memory_update; uses bounded stepwise navigation before one downstream PickupObject/OpenObject attempt after detector-backed memory refresh; not ObjectNav/SPL, not full navigation, not a manipulation benchmark, not persistent memory writeback, not broad task success",0.77,,False,,1.0012,honest_face_then_pick,30.0,Cup|+00.49|+01.32|-03.12,1,False,False,True,True,"{'x': 0.4920377731323242, 'y': 1.318251609802246, 'z': -3.121979236602783}","{'x': 0.6819939613342285, 'y': 1.310182809829712, 'z': -0.9019981026649475}",propose_detector_evidence_refresh,controller-backed evidence-guided memory refresh from live revisit detector-verifier evidence; mutated in memory-store snapshot only; not persistent storage; not recovery search; not task success,,1.0,True,FloorPlan3:Cup|+00.68|+01.31|-00.90@before,live_controller_revisit_detector_verifier_evidence,0,False,2.2281,metadata_position_delta_offline_only,True,0.82,target_not_visible_after_revisit_sweep;expected_verification_value_above_threshold,True,FloorPlan3:Cup|+00.68|+01.31|-00.90@before,stepwise_navigation,"['MoveAhead', 'RotateRight', 'MoveAhead', 'RotateRight', 'MoveAhead', 'RotateLeft', 'MoveAhead', 'MoveAhead', 'MoveAhead', 'RotateRight', 'MoveAhead']",,7,nearest_reachable_to_remembered_before_location,"controller-backed closed-loop GSAM stale-memory detection; InitialRandomSpawn occurs live; TeleportFull is a shortcut to remembered before-location and nearby positions for limited nav search; no TeleportObject; oracle metadata is offline labels only; nav search is limited position-hopping, not step-by-step navigation; not full navigation, manipulation, or task success",25,0.0,0,1,FloorPlan3,67,expected_verification_value_budgeted_v1,InitialRandomSpawn,True,1.0,Cup,0,Cup|+00.68|+01.31|-00.90,False,True,False,prior_recorded_false_negative_slice,"['RotateRight', 'RotateRight', 'RotateRight', 'MoveAhead', 'MoveAhead']",,stepwise_navigation,2,False,True,NullReferenceException: Target object not found within the specified visibility.,True,FloorPlan3:Cup|+00.49|+01.32|-03.12@after,"{'detector_confidence': 0.0, 'depth_consistency': None, 'object_mobility_prior': 0.85, 'time_interval': 1.0, 'task_importance': 1.0, 'historical_failure': 0.0, 'scene_change_score': 1.0, 'target_visible_after_revisit': False, 'visibility_error': 'target_not_visible_after_revisit_sweep', 'distance_from_remembered': None, 'teleport_success': True, 'same_type_density_score': 0.0, 'same_type_nearby_count': 0, 'same_type_scene_total': 1, 'visual_instance_confusion_prior': 0.0}",deterministic_live_revisit_uncertainty_v1,target_not_visible_after_revisit_sweep,False,36,0.05,grounded_sam2,True,target_not_visible_after_revisit_sweep,0.0
expected_verification_value_v1,"{'x': -2.0950701236724854, 'y': 0.3580213189125061, 'z': 4.922011375427246}",19,selected_by_expected_verification_value_budget,17,True,True,results/0514_paired_hard_challenge_screen_v1/case_list_paired_hard_challenge_all_qualifying_v1.json,24,0.0,0,,True,no_matching_detection,True,False,calibrated,PickupObject,"stepwise_task_bridge_after_verified_memory_update; uses bounded stepwise navigation before one downstream PickupObject/OpenObject attempt after detector-backed memory refresh; not ObjectNav/SPL, not full navigation, not a manipulation benchmark, not persistent memory writeback, not broad task success",0.6125,,False,,0.3538,honest_face_then_pick,45.0,Pencil|-02.10|+00.36|+04.92,2,True,False,True,True,"{'x': -2.0950701236724854, 'y': 0.3580213189125061, 'z': 4.922011375427246}","{'x': -2.831773519515991, 'y': 0.6845980286598206, 'z': 1.5094938278198242}",propose_detector_evidence_refresh,controller-backed evidence-guided memory refresh from live revisit detector-verifier evidence; mutated in memory-store snapshot only; not persistent storage; not recovery search; not task success,,0.0,True,FloorPlan201:Pencil|-02.83|+00.68|+01.51@before,live_controller_revisit_detector_verifier_evidence,0,False,3.4911,metadata_position_delta_offline_only,True,0.6625,target_not_visible_after_revisit_sweep;visual_instance_confusion_calibrated;expected_verification_value_above_threshold,True,FloorPlan201:Pencil|-02.83|+00.68|+01.51@before,stepwise_navigation,"['RotateRight', 'MoveAhead', 'RotateLeft', 'MoveAhead', 'MoveAhead', 'RotateRight', 'MoveAhead', 'RotateLeft', 'MoveAhead', 'RotateRight', 'MoveAhead', 'MoveAhead']",,7,nearest_reachable_to_remembered_before_location,"controller-backed closed-loop GSAM stale-memory detection; InitialRandomSpawn occurs live; TeleportFull is a shortcut to remembered before-location and nearby positions for limited nav search; no TeleportObject; oracle metadata is offline labels only; nav search is limited position-hopping, not step-by-step navigation; not full navigation, manipulation, or task success",26,0.0,0,1,FloorPlan201,67,expected_verification_value_budgeted_v1,InitialRandomSpawn,True,1.0,Pencil,1,Pencil|-02.83|+00.68|+01.51,False,True,False,prior_recorded_false_negative_slice,"['MoveAhead', 'MoveAhead', 'MoveAhead', 'MoveAhead', 'MoveAhead', 'MoveAhead', 'MoveAhead', 'MoveAhead', 'MoveAhead', 'MoveAhead', 'MoveAhead', 'RotateRight', 'MoveAhead', 'MoveAhead', 'MoveAhead', 'MoveAhead', 'MoveAhead', 'MoveAhead', 'MoveAhead', 'MoveAhead', 'MoveAhead', 'RotateLeft', 'MoveAhead', 'MoveAhead', 'MoveAhead']",,stepwise_navigation,23,False,True,NullReferenceException: Target object is visible but not interactable. It is likely obstructed by some clear object like glass.,True,FloorPlan201:Pencil_b282d60f@after,"{'detector_confidence': 0.0, 'depth_consistency': None, 'object_mobility_prior': 0.85, 'time_interval': 1.0, 'task_importance': 1.0, 'historical_failure': 0.0, 'scene_change_score': 1.0, 'target_visible_after_revisit': False, 'visibility_error': 'target_not_visible_after_revisit_sweep', 'distance_from_remembered': None, 'teleport_success': True, 'same_type_density_score': 0.0, 'same_type_nearby_count': 0, 'same_type_scene_total': 1, 'visual_instance_confusion_prior': 0.45}",deterministic_live_revisit_uncertainty_v1,target_not_visible_after_revisit_sweep,False,36,0.05,grounded_sam2,True,target_not_visible_after_revisit_sweep,0.45
expected_verification_value_v1,"{'x': 0.7115572690963745, 'y': 0.9062525629997253, 'z': -2.4839999675750732}",17,selected_by_expected_verification_value_budget,19,True,True,results/0514_paired_hard_challenge_screen_v1/case_list_paired_hard_challenge_all_qualifying_v1.json,7,1.0,12,0.0369,False,nearest_after_detection_normalized_frame_distance,False,,calibrated,not_executed,verification_only_no_downstream_action,0.56,,False,,,,,,0,,,,False,,,none,controller-backed evidence-guided memory refresh from live revisit detector-verifier evidence; mutated in memory-store snapshot only; not persistent storage; not recovery search; not task success,,1.0,True,FloorPlan1:Book|+00.15|+01.10|+00.62@before,verified_fresh_or_no_stale_detector_evidence,0,False,3.1505,metadata_position_delta_offline_only,True,0.61,target_not_visible_after_revisit_sweep;visual_instance_confusion_calibrated;expected_verification_value_above_threshold,True,FloorPlan1:Book|+00.15|+01.10|+00.62@before,stepwise_navigation,"['MoveAhead', 'RotateRight', 'MoveAhead', 'RotateRight', 'MoveAhead', 'MoveAhead', 'MoveAhead', 'MoveAhead', 'MoveAhead', 'MoveAhead']",,8,nearest_reachable_to_remembered_before_location,"controller-backed closed-loop GSAM stale-memory detection; InitialRandomSpawn occurs live; TeleportFull is a shortcut to remembered before-location and nearby positions for limited nav search; no TeleportObject; oracle metadata is offline labels only; nav search is limited position-hopping, not step-by-step navigation; not full navigation, manipulation, or task success",27,0.0,0,1,FloorPlan1,73,expected_verification_value_budgeted_v1,InitialRandomSpawn,True,1.0,Book,1,Book|+00.15|+01.10|+00.62,True,True,False,prior_recorded_false_negative_slice,[],,not_executed,0,,False,,True,FloorPlan1:Book_3d15d052@after,"{'detector_confidence': 0.0, 'depth_consistency': None, 'object_mobility_prior': 0.85, 'time_interval': 1.0, 'task_importance': 1.0, 'historical_failure': 0.0, 'scene_change_score': 1.0, 'target_visible_after_revisit': False, 'visibility_error': 'target_not_visible_after_revisit_sweep', 'distance_from_remembered': None, 'teleport_success': True, 'same_type_density_score': 0.0, 'same_type_nearby_count': 0, 'same_type_scene_total': 1, 'visual_instance_confusion_prior': 0.6}",deterministic_live_revisit_uncertainty_v1,target_not_visible_after_revisit_sweep,False,36,0.05,grounded_sam2,True,target_not_visible_after_revisit_sweep,0.6
expected_verification_value_v1,"{'x': -2.0498206615448, 'y': 1.318251609802246, 'z': -3.241100788116455}",22,selected_by_expected_verification_value_budget,14,True,True,results/0514_paired_hard_challenge_screen_v1/case_list_paired_hard_challenge_all_qualifying_v1.json,34,1.0,74,0.0541,True,nearest_after_detection_normalized_frame_distance,True,True,calibrated,PickupObject,"stepwise_task_bridge_after_verified_memory_update; uses bounded stepwise navigation before one downstream PickupObject/OpenObject attempt after detector-backed memory refresh; not ObjectNav/SPL, not full navigation, not a manipulation benchmark, not persistent memory writeback, not broad task success",0.77,,False,,1.4437,honest_face_then_pick,15.0,Cup|-02.05|+01.32|-03.24,0,True,False,True,True,"{'x': -2.0498206615448, 'y': 1.318251609802246, 'z': -3.241100788116455}","{'x': 0.6819939613342285, 'y': 1.310182809829712, 'z': -0.9019981026649475}",propose_detector_evidence_refresh,controller-backed evidence-guided memory refresh from live revisit detector-verifier evidence; mutated in memory-store snapshot only; not persistent storage; not recovery search; not task success,,1.0,True,FloorPlan3:Cup|+00.68|+01.31|-00.90@before,live_controller_revisit_detector_verifier_evidence,0,False,3.5964,metadata_position_delta_offline_only,True,0.82,target_not_visible_after_revisit_sweep;expected_verification_value_above_threshold,True,FloorPlan3:Cup|+00.68|+01.31|-00.90@before,stepwise_navigation,"['MoveAhead', 'RotateRight', 'MoveAhead', 'RotateRight', 'MoveAhead', 'RotateLeft', 'MoveAhead', 'MoveAhead', 'MoveAhead', 'RotateRight', 'MoveAhead']",,7,nearest_reachable_to_remembered_before_location,"controller-backed closed-loop GSAM stale-memory detection; InitialRandomSpawn occurs live; TeleportFull is a shortcut to remembered before-location and nearby positions for limited nav search; no TeleportObject; oracle metadata is offline labels only; nav search is limited position-hopping, not step-by-step navigation; not full navigation, manipulation, or task success",28,0.0,0,1,FloorPlan3,73,expected_verification_value_budgeted_v1,InitialRandomSpawn,True,1.0,Cup,0,Cup|+00.68|+01.31|-00.90,False,True,False,prior_recorded_false_negative_slice,"['RotateLeft', 'RotateRight', 'MoveAhead', 'MoveAhead', 'MoveAhead', 'RotateLeft', 'MoveAhead', 'RotateRight', 'MoveAhead', 'RotateLeft', 'MoveAhead']",,stepwise_navigation,6,False,True,,True,FloorPlan3:Cup_67148623@after,"{'detector_confidence': 0.0, 'depth_consistency': None, 'object_mobility_prior': 0.85, 'time_interval': 1.0, 'task_importance': 1.0, 'historical_failure': 0.0, 'scene_change_score': 1.0, 'target_visible_after_revisit': False, 'visibility_error': 'target_not_visible_after_revisit_sweep', 'distance_from_remembered': None, 'teleport_success': True, 'same_type_density_score': 0.0, 'same_type_nearby_count': 0, 'same_type_scene_total': 1, 'visual_instance_confusion_prior': 0.0}",deterministic_live_revisit_uncertainty_v1,target_not_visible_after_revisit_sweep,False,36,0.05,grounded_sam2,True,target_not_visible_after_revisit_sweep,0.0
expected_verification_value_v1,"{'x': -2.767258644104004, 'y': 0.7290906310081482, 'z': 6.53877067565918}",9,selected_by_expected_verification_value_budget,27,True,True,results/0514_paired_hard_challenge_screen_v1/case_list_paired_hard_challenge_all_qualifying_v1.json,15,1.0,1,0.3753,True,nearest_after_detection_normalized_frame_distance,True,True,calibrated,PickupObject,"stepwise_task_bridge_after_verified_memory_update; uses bounded stepwise navigation before one downstream PickupObject/OpenObject attempt after detector-backed memory refresh; not ObjectNav/SPL, not full navigation, not a manipulation benchmark, not persistent memory writeback, not broad task success",0.5075,,False,,0.5625,honest_face_then_pick,30.0,Newspaper|-02.77|+00.73|+06.54,0,True,False,True,True,"{'x': -2.767258644104004, 'y': 0.7290906310081482, 'z': 6.53877067565918}","{'x': -2.7592265605926514, 'y': 0.681910514831543, 'z': 1.1773200035095215}",propose_detector_evidence_refresh,controller-backed evidence-guided memory refresh from live revisit detector-verifier evidence; mutated in memory-store snapshot only; not persistent storage; not recovery search; not task success,,1.0,True,FloorPlan201:Newspaper|-02.76|+00.68|+01.18@before,live_controller_revisit_detector_verifier_evidence,0,False,5.3615,metadata_position_delta_offline_only,True,0.5575,target_not_visible_after_revisit_sweep;visual_instance_confusion_calibrated;expected_verification_value_above_threshold,True,FloorPlan201:Newspaper|-02.76|+00.68|+01.18@before,stepwise_navigation,"['RotateRight', 'MoveAhead', 'RotateRight', 'MoveAhead', 'MoveAhead', 'RotateLeft', 'MoveAhead', 'RotateRight', 'MoveAhead', 'RotateLeft', 'MoveAhead']",,6,nearest_reachable_to_remembered_before_location,"controller-backed closed-loop GSAM stale-memory detection; InitialRandomSpawn occurs live; TeleportFull is a shortcut to remembered before-location and nearby positions for limited nav search; no TeleportObject; oracle metadata is offline labels only; nav search is limited position-hopping, not step-by-step navigation; not full navigation, manipulation, or task success",29,0.0,0,1,FloorPlan201,73,expected_verification_value_budgeted_v1,InitialRandomSpawn,True,1.0,Newspaper,0,Newspaper|-02.76|+00.68|+01.18,False,True,False,prior_recorded_false_negative_slice,"['MoveAhead', 'MoveAhead', 'MoveAhead', 'MoveAhead', 'MoveAhead', 'MoveAhead', 'MoveAhead', 'MoveAhead', 'MoveAhead', 'MoveAhead', 'MoveAhead', 'MoveAhead', 'MoveAhead', 'MoveAhead', 'MoveAhead', 'RotateRight', 'MoveAhead', 'RotateLeft', 'MoveAhead', 'RotateRight', 'MoveAhead', 'RotateLeft', 'MoveAhead', 'RotateRight', 'MoveAhead', 'RotateLeft', 'MoveAhead', 'MoveAhead']",,stepwise_navigation,22,False,True,,True,FloorPlan201:Newspaper_ed198726@after,"{'detector_confidence': 0.0, 'depth_consistency': None, 'object_mobility_prior': 0.85, 'time_interval': 1.0, 'task_importance': 1.0, 'historical_failure': 0.0, 'scene_change_score': 1.0, 'target_visible_after_revisit': False, 'visibility_error': 'target_not_visible_after_revisit_sweep', 'distance_from_remembered': None, 'teleport_success': True, 'same_type_density_score': 0.0, 'same_type_nearby_count': 0, 'same_type_scene_total': 1, 'visual_instance_confusion_prior': 0.75}",deterministic_live_revisit_uncertainty_v1,target_not_visible_after_revisit_sweep,False,36,0.05,grounded_sam2,True,target_not_visible_after_revisit_sweep,0.75
expected_verification_value_v1,"{'x': -1.5860135555267334, 'y': 0.957625150680542, 'z': -2.329827308654785}",30,selected_by_expected_verification_value_budget,6,True,True,results/0514_paired_hard_challenge_screen_v1/case_list_paired_hard_challenge_all_qualifying_v1.json,5,1.0,38,0.0855,True,nearest_after_detection_normalized_frame_distance,True,True,calibrated,PickupObject,"stepwise_task_bridge_after_verified_memory_update; uses bounded stepwise navigation before one downstream PickupObject/OpenObject attempt after detector-backed memory refresh; not ObjectNav/SPL, not full navigation, not a manipulation benchmark, not persistent memory writeback, not broad task success",0.77,,False,,0.6702,honest_face_then_pick,30.0,Apple|-01.59|+00.96|-02.33,1,True,False,True,True,"{'x': -1.5860135555267334, 'y': 0.957625150680542, 'z': -2.329827308654785}","{'x': -0.4651583731174469, 'y': 1.151225209236145, 'z': 0.4757627248764038}",propose_detector_evidence_refresh,controller-backed evidence-guided memory refresh from live revisit detector-verifier evidence; mutated in memory-store snapshot only; not persistent storage; not recovery search; not task success,,1.0,True,FloorPlan1:Apple|-00.47|+01.15|+00.48@before,live_controller_revisit_detector_verifier_evidence,0,False,3.0212,metadata_position_delta_offline_only,True,0.82,target_not_visible_after_revisit_sweep;expected_verification_value_above_threshold,True,FloorPlan1:Apple|-00.47|+01.15|+00.48@before,stepwise_navigation,"['RotateRight', 'RotateRight', 'RotateRight', 'MoveAhead', 'MoveAhead']",,2,nearest_reachable_to_remembered_before_location,"controller-backed closed-loop GSAM stale-memory detection; InitialRandomSpawn occurs live; TeleportFull is a shortcut to remembered before-location and nearby positions for limited nav search; no TeleportObject; oracle metadata is offline labels only; nav search is limited position-hopping, not step-by-step navigation; not full navigation, manipulation, or task success",30,0.0,0,1,FloorPlan1,83,expected_verification_value_budgeted_v1,InitialRandomSpawn,True,1.0,Apple,0,Apple|-00.47|+01.15|+00.48,False,True,False,prior_recorded_false_negative_slice,"['RotateRight', 'RotateRight', 'RotateRight', 'MoveAhead', 'MoveAhead', 'MoveAhead', 'MoveAhead', 'MoveAhead', 'MoveAhead', 'MoveAhead', 'MoveAhead', 'MoveAhead', 'MoveAhead', 'RotateRight', 'MoveAhead', 'RotateLeft', 'MoveAhead']",,stepwise_navigation,12,False,True,,True,FloorPlan1:Apple_34d5f204@after,"{'detector_confidence': 0.0, 'depth_consistency': None, 'object_mobility_prior': 0.85, 'time_interval': 1.0, 'task_importance': 1.0, 'historical_failure': 0.0, 'scene_change_score': 1.0, 'target_visible_after_revisit': False, 'visibility_error': 'target_not_visible_after_revisit_sweep', 'distance_from_remembered': None, 'teleport_success': True, 'same_type_density_score': 0.0, 'same_type_nearby_count': 0, 'same_type_scene_total': 1, 'visual_instance_confusion_prior': 0.0}",deterministic_live_revisit_uncertainty_v1,target_not_visible_after_revisit_sweep,False,36,0.05,grounded_sam2,True,target_not_visible_after_revisit_sweep,0.0
expected_verification_value_v1,"{'x': -1.5308105945587158, 'y': 1.318251609802246, 'z': -2.461287021636963}",21,selected_by_expected_verification_value_budget,15,True,True,results/0514_paired_hard_challenge_screen_v1/case_list_paired_hard_challenge_all_qualifying_v1.json,35,1.0,74,0.0541,True,nearest_after_detection_normalized_frame_distance,True,True,calibrated,PickupObject,"stepwise_task_bridge_after_verified_memory_update; uses bounded stepwise navigation before one downstream PickupObject/OpenObject attempt after detector-backed memory refresh; not ObjectNav/SPL, not full navigation, not a manipulation benchmark, not persistent memory writeback, not broad task success",0.77,,False,,0.5713,honest_face_then_pick,60.0,Cup|-01.53|+01.32|-02.46,0,True,False,True,True,"{'x': -1.5308105945587158, 'y': 1.318251609802246, 'z': -2.461287021636963}","{'x': 0.6819939613342285, 'y': 1.310182809829712, 'z': -0.9019981026649475}",propose_detector_evidence_refresh,controller-backed evidence-guided memory refresh from live revisit detector-verifier evidence; mutated in memory-store snapshot only; not persistent storage; not recovery search; not task success,,1.0,True,FloorPlan3:Cup|+00.68|+01.31|-00.90@before,live_controller_revisit_detector_verifier_evidence,0,False,2.707,metadata_position_delta_offline_only,True,0.82,target_not_visible_after_revisit_sweep;expected_verification_value_above_threshold,True,FloorPlan3:Cup|+00.68|+01.31|-00.90@before,stepwise_navigation,"['MoveAhead', 'RotateRight', 'MoveAhead', 'RotateRight', 'MoveAhead', 'RotateLeft', 'MoveAhead', 'MoveAhead', 'MoveAhead', 'RotateRight', 'MoveAhead']",,7,nearest_reachable_to_remembered_before_location,"controller-backed closed-loop GSAM stale-memory detection; InitialRandomSpawn occurs live; TeleportFull is a shortcut to remembered before-location and nearby positions for limited nav search; no TeleportObject; oracle metadata is offline labels only; nav search is limited position-hopping, not step-by-step navigation; not full navigation, manipulation, or task success",31,0.0,0,1,FloorPlan3,83,expected_verification_value_budgeted_v1,InitialRandomSpawn,True,1.0,Cup,0,Cup|+00.68|+01.31|-00.90,False,True,False,prior_recorded_false_negative_slice,"['RotateLeft', 'RotateRight', 'MoveAhead', 'MoveAhead', 'MoveAhead', 'RotateLeft', 'MoveAhead', 'RotateRight', 'MoveAhead', 'RotateLeft', 'MoveAhead']",,stepwise_navigation,6,False,True,,True,FloorPlan3:Cup_67148623@after,"{'detector_confidence': 0.0, 'depth_consistency': None, 'object_mobility_prior': 0.85, 'time_interval': 1.0, 'task_importance': 1.0, 'historical_failure': 0.0, 'scene_change_score': 1.0, 'target_visible_after_revisit': False, 'visibility_error': 'target_not_visible_after_revisit_sweep', 'distance_from_remembered': None, 'teleport_success': True, 'same_type_density_score': 0.0, 'same_type_nearby_count': 0, 'same_type_scene_total': 1, 'visual_instance_confusion_prior': 0.0}",deterministic_live_revisit_uncertainty_v1,target_not_visible_after_revisit_sweep,False,36,0.05,grounded_sam2,True,target_not_visible_after_revisit_sweep,0.0
expected_verification_value_v1,"{'x': -2.1396985054016113, 'y': 0.5580193996429443, 'z': 3.4364631175994873}",8,selected_by_expected_verification_value_budget,28,True,True,results/0514_paired_hard_challenge_screen_v1/case_list_paired_hard_challenge_all_qualifying_v1.json,16,1.0,1,0.3753,True,nearest_after_detection_normalized_frame_distance,True,True,calibrated,PickupObject,"stepwise_task_bridge_after_verified_memory_update; uses bounded stepwise navigation before one downstream PickupObject/OpenObject attempt after detector-backed memory refresh; not ObjectNav/SPL, not full navigation, not a manipulation benchmark, not persistent memory writeback, not broad task success",0.5075,,False,,0.821,honest_face_then_pick,60.0,Newspaper|-02.14|+00.56|+03.44,2,True,False,True,True,"{'x': -2.1396985054016113, 'y': 0.5580193996429443, 'z': 3.4364631175994873}","{'x': -2.7592267990112305, 'y': 0.6819102764129639, 'z': 1.1773200035095215}",propose_detector_evidence_refresh,controller-backed evidence-guided memory refresh from live revisit detector-verifier evidence; mutated in memory-store snapshot only; not persistent storage; not recovery search; not task success,,1.0,True,FloorPlan201:Newspaper|-02.76|+00.68|+01.18@before,live_controller_revisit_detector_verifier_evidence,0,False,2.3426,metadata_position_delta_offline_only,True,0.5575,target_not_visible_after_revisit_sweep;visual_instance_confusion_calibrated;expected_verification_value_above_threshold,True,FloorPlan201:Newspaper|-02.76|+00.68|+01.18@before,stepwise_navigation,"['RotateRight', 'MoveAhead', 'RotateRight', 'MoveAhead', 'MoveAhead', 'RotateLeft', 'MoveAhead', 'RotateRight', 'MoveAhead', 'RotateLeft', 'MoveAhead']",,6,nearest_reachable_to_remembered_before_location,"controller-backed closed-loop GSAM stale-memory detection; InitialRandomSpawn occurs live; TeleportFull is a shortcut to remembered before-location and nearby positions for limited nav search; no TeleportObject; oracle metadata is offline labels only; nav search is limited position-hopping, not step-by-step navigation; not full navigation, manipulation, or task success",32,0.0,0,1,FloorPlan201,83,expected_verification_value_budgeted_v1,InitialRandomSpawn,True,1.0,Newspaper,0,Newspaper|-02.76|+00.68|+01.18,False,True,False,prior_recorded_false_negative_slice,"['MoveAhead', 'MoveAhead', 'MoveAhead', 'MoveAhead', 'MoveAhead', 'MoveAhead', 'MoveAhead', 'MoveAhead', 'MoveAhead', 'MoveAhead', 'MoveAhead', 'RotateRight', 'MoveAhead', 'MoveAhead', 'MoveAhead', 'MoveAhead', 'MoveAhead', 'MoveAhead', 'MoveAhead']",,stepwise_navigation,18,False,True,,True,FloorPlan201:Newspaper_ed198726@after,"{'detector_confidence': 0.0, 'depth_consistency': None, 'object_mobility_prior': 0.85, 'time_interval': 1.0, 'task_importance': 1.0, 'historical_failure': 0.0, 'scene_change_score': 1.0, 'target_visible_after_revisit': False, 'visibility_error': 'target_not_visible_after_revisit_sweep', 'distance_from_remembered': None, 'teleport_success': True, 'same_type_density_score': 0.0, 'same_type_nearby_count': 0, 'same_type_scene_total': 1, 'visual_instance_confusion_prior': 0.75}",deterministic_live_revisit_uncertainty_v1,target_not_visible_after_revisit_sweep,False,36,0.05,grounded_sam2,True,target_not_visible_after_revisit_sweep,0.75
expected_verification_value_v1,"{'x': -1.0750454664230347, 'y': 0.4751891791820526, 'z': 5.573294162750244}",1,selected_by_expected_verification_value_budget,35,True,True,results/0514_paired_hard_challenge_screen_v1/case_list_paired_hard_challenge_all_qualifying_v1.json,25,0.0,0,,True,no_matching_detection,True,True,calibrated,PickupObject,"stepwise_task_bridge_after_verified_memory_update; uses bounded stepwise navigation before one downstream PickupObject/OpenObject attempt after detector-backed memory refresh; not ObjectNav/SPL, not full navigation, not a manipulation benchmark, not persistent memory writeback, not broad task success",0.2925,,False,,0.3676,honest_face_then_pick,45.0,Pencil|-01.08|+00.48|+05.57,1,True,False,True,True,"{'x': -1.0750454664230347, 'y': 0.4751891791820526, 'z': 5.573294162750244}","{'x': -2.831773519515991, 'y': 0.6845980286598206, 'z': 1.5094935894012451}",propose_detector_evidence_refresh,controller-backed evidence-guided memory refresh from live revisit detector-verifier evidence; mutated in memory-store snapshot only; not persistent storage; not recovery search; not task success,,0.0,True,FloorPlan201:Pencil|-02.83|+00.68|+01.51@before,live_controller_revisit_detector_verifier_evidence,0,False,4.4273,metadata_position_delta_offline_only,True,0.3425,revisit_failed_visibility_uninformative;visual_instance_confusion_calibrated;expected_verification_value_above_threshold,True,FloorPlan201:Pencil|-02.83|+00.68|+01.51@before,stepwise_navigation,"['RotateRight', 'RotateRight', 'RotateRight', 'MoveAhead']",collision_stuck,1,nearest_reachable_to_remembered_before_location,"controller-backed closed-loop GSAM stale-memory detection; InitialRandomSpawn occurs live; TeleportFull is a shortcut to remembered before-location and nearby positions for limited nav search; no TeleportObject; oracle metadata is offline labels only; nav search is limited position-hopping, not step-by-step navigation; not full navigation, manipulation, or task success",33,0.0,0,1,FloorPlan201,83,expected_verification_value_budgeted_v1,InitialRandomSpawn,True,1.0,Pencil,1,Pencil|-02.83|+00.68|+01.51,False,True,False,prior_recorded_false_negative_slice,"['MoveAhead', 'MoveAhead', 'MoveAhead', 'MoveAhead', 'MoveAhead', 'MoveAhead', 'MoveAhead', 'MoveAhead', 'MoveAhead', 'MoveAhead', 'MoveAhead', 'RotateRight', 'MoveAhead', 'MoveAhead', 'MoveAhead', 'MoveAhead', 'MoveAhead', 'MoveAhead', 'MoveAhead', 'MoveAhead', 'MoveAhead', 'RotateLeft', 'MoveAhead', 'MoveAhead', 'RotateRight', 'MoveAhead', 'RotateLeft', 'MoveAhead', 'RotateRight', 'MoveAhead', 'RotateLeft', 'MoveAhead']",,stepwise_navigation,26,False,True,,False,FloorPlan201:Pencil_b282d60f@after,"{'detector_confidence': 0.0, 'depth_consistency': None, 'object_mobility_prior': 0.85, 'time_interval': 1.0, 'task_importance': 1.0, 'historical_failure': 0.0, 'scene_change_score': 1.0, 'target_visible_after_revisit': False, 'visibility_error': 'target_not_visible_after_revisit_sweep', 'distance_from_remembered': None, 'teleport_success': False, 'same_type_density_score': 0.0, 'same_type_nearby_count': 0, 'same_type_scene_total': 1, 'visual_instance_confusion_prior': 0.45}",deterministic_live_revisit_uncertainty_v1,revisit_failed_visibility_uninformative,False,36,0.05,grounded_sam2,True,target_not_visible_after_revisit_sweep,0.45
expected_verification_value_v1,"{'x': -2.404787302017212, 'y': 0.5580196380615234, 'z': 3.795283555984497}",7,selected_by_expected_verification_value_budget,29,True,True,results/0514_paired_hard_challenge_screen_v1/case_list_paired_hard_challenge_all_qualifying_v1.json,17,1.0,1,0.3753,True,nearest_after_detection_normalized_frame_distance,True,True,calibrated,PickupObject,"stepwise_task_bridge_after_verified_memory_update; uses bounded stepwise navigation before one downstream PickupObject/OpenObject attempt after detector-backed memory refresh; not ObjectNav/SPL, not full navigation, not a manipulation benchmark, not persistent memory writeback, not broad task success",0.5075,,False,,0.4646,honest_face_then_pick,45.0,Newspaper|-02.40|+00.56|+03.80,2,True,False,True,True,"{'x': -2.404787302017212, 'y': 0.5580196380615234, 'z': 3.795283555984497}","{'x': -2.7592267990112305, 'y': 0.6819102764129639, 'z': 1.1773200035095215}",propose_detector_evidence_refresh,controller-backed evidence-guided memory refresh from live revisit detector-verifier evidence; mutated in memory-store snapshot only; not persistent storage; not recovery search; not task success,,1.0,True,FloorPlan201:Newspaper|-02.76|+00.68|+01.18@before,live_controller_revisit_detector_verifier_evidence,0,False,2.6418,metadata_position_delta_offline_only,True,0.5575,target_not_visible_after_revisit_sweep;visual_instance_confusion_calibrated;expected_verification_value_above_threshold,True,FloorPlan201:Newspaper|-02.76|+00.68|+01.18@before,stepwise_navigation,"['RotateRight', 'MoveAhead', 'RotateRight', 'MoveAhead', 'MoveAhead', 'RotateLeft', 'MoveAhead', 'RotateRight', 'MoveAhead', 'RotateLeft', 'MoveAhead']",,6,nearest_reachable_to_remembered_before_location,"controller-backed closed-loop GSAM stale-memory detection; InitialRandomSpawn occurs live; TeleportFull is a shortcut to remembered before-location and nearby positions for limited nav search; no TeleportObject; oracle metadata is offline labels only; nav search is limited position-hopping, not step-by-step navigation; not full navigation, manipulation, or task success",34,0.0,0,1,FloorPlan201,97,expected_verification_value_budgeted_v1,InitialRandomSpawn,True,1.0,Newspaper,0,Newspaper|-02.76|+00.68|+01.18,False,True,False,prior_recorded_false_negative_slice,"['MoveAhead', 'MoveAhead', 'MoveAhead', 'MoveAhead', 'MoveAhead', 'MoveAhead', 'MoveAhead', 'MoveAhead', 'MoveAhead', 'MoveAhead', 'MoveAhead', 'RotateRight', 'MoveAhead', 'MoveAhead', 'MoveAhead', 'MoveAhead', 'MoveAhead', 'MoveAhead']",,stepwise_navigation,17,False,True,,True,FloorPlan201:Newspaper_ed198726@after,"{'detector_confidence': 0.0, 'depth_consistency': None, 'object_mobility_prior': 0.85, 'time_interval': 1.0, 'task_importance': 1.0, 'historical_failure': 0.0, 'scene_change_score': 1.0, 'target_visible_after_revisit': False, 'visibility_error': 'target_not_visible_after_revisit_sweep', 'distance_from_remembered': None, 'teleport_success': True, 'same_type_density_score': 0.0, 'same_type_nearby_count': 0, 'same_type_scene_total': 1, 'visual_instance_confusion_prior': 0.75}",deterministic_live_revisit_uncertainty_v1,target_not_visible_after_revisit_sweep,False,36,0.05,grounded_sam2,True,target_not_visible_after_revisit_sweep,0.75
expected_verification_value_v1,"{'x': -0.3021552860736847, 'y': 0.7090863585472107, 'z': 3.5385189056396484}",0,selected_by_expected_verification_value_budget,36,True,True,results/0514_paired_hard_challenge_screen_v1/case_list_paired_hard_challenge_all_qualifying_v1.json,26,0.0,0,,True,no_matching_detection,True,True,calibrated,PickupObject,"stepwise_task_bridge_after_verified_memory_update; uses bounded stepwise navigation before one downstream PickupObject/OpenObject attempt after detector-backed memory refresh; not ObjectNav/SPL, not full navigation, not a manipulation benchmark, not persistent memory writeback, not broad task success",0.2925,,False,,0.4494,honest_face_then_pick,45.0,Pencil|-00.30|+00.71|+03.54,0,True,False,True,True,"{'x': -0.3021552860736847, 'y': 0.7090863585472107, 'z': 3.5385189056396484}","{'x': -2.831773519515991, 'y': 0.6845980286598206, 'z': 1.5094935894012451}",propose_detector_evidence_refresh,controller-backed evidence-guided memory refresh from live revisit detector-verifier evidence; mutated in memory-store snapshot only; not persistent storage; not recovery search; not task success,,0.0,True,FloorPlan201:Pencil|-02.83|+00.68|+01.51@before,live_controller_revisit_detector_verifier_evidence,0,False,3.2428,metadata_position_delta_offline_only,True,0.3425,revisit_failed_visibility_uninformative;visual_instance_confusion_calibrated;expected_verification_value_above_threshold,True,FloorPlan201:Pencil|-02.83|+00.68|+01.51@before,stepwise_navigation,"['RotateRight', 'RotateRight', 'RotateRight', 'MoveAhead']",collision_stuck,1,nearest_reachable_to_remembered_before_location,"controller-backed closed-loop GSAM stale-memory detection; InitialRandomSpawn occurs live; TeleportFull is a shortcut to remembered before-location and nearby positions for limited nav search; no TeleportObject; oracle metadata is offline labels only; nav search is limited position-hopping, not step-by-step navigation; not full navigation, manipulation, or task success",35,0.0,0,1,FloorPlan201,97,expected_verification_value_budgeted_v1,InitialRandomSpawn,True,1.0,Pencil,1,Pencil|-02.83|+00.68|+01.51,False,True,False,prior_recorded_false_negative_slice,"['RotateRight', 'MoveAhead', 'RotateLeft', 'MoveAhead', 'MoveAhead', 'RotateRight', 'MoveAhead', 'RotateLeft', 'MoveAhead', 'RotateRight', 'MoveAhead', 'MoveAhead', 'RotateLeft', 'MoveAhead', 'RotateRight', 'MoveAhead', 'MoveAhead', 'MoveAhead', 'MoveAhead', 'MoveAhead', 'MoveAhead', 'MoveAhead', 'MoveAhead', 'RotateLeft', 'MoveAhead', 'RotateRight', 'MoveAhead', 'RotateLeft', 'MoveAhead', 'MoveAhead', 'MoveAhead']",,stepwise_navigation,21,False,True,,False,FloorPlan201:Pencil_b282d60f@after,"{'detector_confidence': 0.0, 'depth_consistency': None, 'object_mobility_prior': 0.85, 'time_interval': 1.0, 'task_importance': 1.0, 'historical_failure': 0.0, 'scene_change_score': 1.0, 'target_visible_after_revisit': False, 'visibility_error': 'target_not_visible_after_revisit_sweep', 'distance_from_remembered': None, 'teleport_success': False, 'same_type_density_score': 0.0, 'same_type_nearby_count': 0, 'same_type_scene_total': 1, 'visual_instance_confusion_prior': 0.45}",deterministic_live_revisit_uncertainty_v1,revisit_failed_visibility_uninformative,False,36,0.05,grounded_sam2,True,target_not_visible_after_revisit_sweep,0.45
